prn,epoch_time,sv_clock_bias,sv_clock_drift,sv_clock_drift_rate,iode,correction_radius_sine,mean_motion,mean_anomaly,correction_latitude_cosine,essentricity,correction_latitude_sine,sqrt_semi_major_axis,time_of_ephemeris,correction_inclination_cosine,OMEGA,correction_inclination_sine,inclination,correction_radius_cosine,omega,OMEGA_dot,inclination_rate,codes,gps_week,l2_p_data_flag,sv_accuracy,sv_health,tgd,iodc,t_tx,fit_interval
19,17 11 20 02 00 00.0,-.474647618830E-03,.216004991671E-11,.000000000000E+00,.390000000000E+02,-.135062500000E+03,.390980571624E-08,.230008953377E+01,-.722333788872E-05,.982534419745E-02,.827014446259E-05,.515369182587E+04,.936000000000E+05,.540167093277E-07,-.320706072752E+00,-.169500708580E-06,.979130518933E+00,.229562500000E+03,.109467568897E+01,-.767889128522E-08,-.316084594764E-09,.100000000000E+01,.197600000000E+04,.000000000000E+00,.000000000000E+00,.000000000000E+00,-.153668224812E-07,.390000000000E+02,.864060000000E+05,.000000000000E+00
17,17 11 20 02 00 00.0,-.143412500620E-03,.261479726760E-11,.000000000000E+00,.770000000000E+02,-.121875000000E+03,.404445418204E-08,-.682829113293E+00,-.627897679806E-05,.121591557981E-01,.814162194729E-05,.515371833420E+04,.936000000000E+05,-.838190317154E-07,-.368096692430E+00,.145286321640E-06,.981729090077E+00,.236406250000E+03,-.183121295760E+01,-.804819238237E-08,-.286083345091E-09,.100000000000E+01,.197600000000E+04,.000000000000E+00,.000000000000E+00,.000000000000E+00,-.111758708954E-07,.770000000000E+02,.864060000000E+05,.000000000000E+00
05,17 11 20 02 00 00.0,-.222078524530E-04,.113686837722E-11,.000000000000E+00,.580000000000E+02,.678125000000E+01,.518628745826E-08,.765045663794E-01,.461935997009E-06,.528298702557E-02,.483542680740E-05,.515358290672E+04,.936000000000E+05,.447034835815E-07,.165891367294E+01,.763684511185E-07,.946750047322E+00,.277312500000E+03,.628048647787E+00,-.839320675361E-08,.152506352502E-09,.100000000000E+01,.197600000000E+04,.000000000000E+00,.000000000000E+00,.000000000000E+00,-.107102096081E-07,.580000000000E+02,.864060000000E+05,.000000000000E+00
02,17 11 20 02 00 00.0,.276452861726E-03,-.977706804406E-11,.000000000000E+00,.370000000000E+02,-.215625000000E+02,.442625579989E-08,-.243806206012E+01,-.105053186417E-05,.173070229357E-01,.105816870928E-04,.515362718773E+04,.936000000000E+05,.217929482460E-06,.578145782298E+00,-.633299350739E-07,.948316768217E+00,.166531250000E+03,-.193797819657E+01,-.755567186692E-08,.578238371663E-09,.100000000000E+01,.197600000000E+04,.000000000000E+00,.000000000000E+00,.000000000000E+00,-.204890966415E-07,.370000000000E+02,.864060000000E+05,.000000000000E+00
28,17 11 20 02 00 00.0,.664018094540E-03,.318323145621E-11,.000000000000E+00,.770000000000E+02,-.253125000000E+01,.441089801732E-08,.239120453950E+00,-.100582838058E-06,.200082393130E-01,.160187482834E-05,.515365971756E+04,.936000000000E+05,-.271946191788E-06,-.138003448201E+01,-.931322574615E-07,.987119451659E+00,.366593750000E+03,-.155093029719E+01,-.863464538192E-08,-.103218585183E-09,.100000000000E+01,.197600000000E+04,.000000000000E+00,.100000000000E+01,.000000000000E+00,-.111758708954E-07,.770000000000E+02,.864060000000E+05,.000000000000E+00
12,17 11 20 02 00 00.0,.364061910659E-03,-.170530256582E-11,.000000000000E+00,.116000000000E+03,.875000000000E+01,.420124642735E-08,.217620780070E+01,.251457095146E-06,.660056364723E-02,.122748315334E-05,.515368585587E+04,.936000000000E+05,-.104308128357E-06,-.140333384283E+01,-.931322574615E-07,.987830127021E+00,.368656250000E+03,.909326989256E+00,-.809962309610E-08,-.135719938995E-10,.100000000000E+01,.197600000000E+04,.000000000000E+00,.100000000000E+01,.000000000000E+00,-.125728547573E-07,.116000000000E+03,.864060000000E+05,.000000000000E+00
20,17 11 20 02 00 00.0,.493259634823E-03,.113686837722E-11,.000000000000E+00,.780000000000E+02,.184687500000E+02,.557487507307E-08,-.171657096539E+01,.122003257275E-05,.465728016570E-02,.472553074360E-05,.515374845123E+04,.936000000000E+05,-.167638063431E-07,.157493920985E+01,.763684511185E-07,.927037932794E+00,.268062500000E+03,.171996778363E+01,-.853749847822E-08,.262510934634E-09,.100000000000E+01,.197600000000E+04,.000000000000E+00,.000000000000E+00,.000000000000E+00,-.838190317154E-08,.780000000000E+02,.864060000000E+05,.000000000000E+00
24,17 11 20 02 00 00.0,-.424180179834E-04,-.454747350886E-12,.000000000000E+00,.450000000000E+02,.112593750000E+03,.470733893670E-08,-.256554237417E+01,.568851828575E-05,.631324842107E-02,.927969813347E-05,.515367385483E+04,.936000000000E+05,-.111758708954E-07,-.254860534209E+01,-.132247805595E-06,.943828455089E+00,.192656250000E+03,.476491682123E+00,-.804354933183E-08,.205365697163E-09,.100000000000E+01,.197600000000E+04,.000000000000E+00,.000000000000E+00,.000000000000E+00,.279396772385E-08,.450000000000E+02,.864060000000E+05,.000000000000E+00
06,17 11 20 02 00 00.0,.410497654229E-03,.147792889038E-11,.000000000000E+00,.430000000000E+02,-.162812500000E+02,.411910014848E-08,-.256621122616E+01,-.819563865662E-06,.651505892165E-03,.106655061245E-04,.515378940010E+04,.936000000000E+05,.651925802231E-07,.626930659458E+00,-.111758708954E-07,.969026032578E+00,.180656250000E+03,-.128997715874E+01,-.766567644905E-08,.473591155544E-09,.100000000000E+01,.197600000000E+04,.000000000000E+00,.000000000000E+00,.000000000000E+00,.465661287308E-08,.430000000000E+02,.864060000000E+05,.000000000000E+00
13,17 11 20 02 00 00.0,-.941106118262E-04,-.341060513165E-12,.000000000000E+00,.420000000000E+02,.412500000000E+01,.421124684391E-08,-.218187141783E+01,.229105353355E-06,.361235917080E-02,.104047358036E-04,.515366034508E+04,.936000000000E+05,.484287738800E-07,.284208193630E+01,.186264514923E-08,.969342201359E+00,.181687500000E+03,.167588498850E+01,-.769067749044E-08,-.485734518507E-09,.100000000000E+01,.197600000000E+04,.000000000000E+00,.000000000000E+00,.000000000000E+00,-.116415321827E-07,.420000000000E+02,.864960000000E+05,.000000000000E+00
25,17 11 20 02 00 00.0,-.492407009006E-03,-.625277607469E-11,.000000000000E+00,.830000000000E+02,.208125000000E+02,.453983195937E-08,.174236995142E+01,.989064574242E-06,.670675560832E-02,.102445483208E-05,.515372390747E+04,.936000000000E+05,-.201165676117E-06,-.146081308937E+01,.465661287308E-07,.975608556824E+00,.366781250000E+03,.808199023179E+00,-.834427614402E-08,.400016662300E-10,.100000000000E+01,.197600000000E+04,.000000000000E+00,.000000000000E+00,.000000000000E+00,.558793544769E-08,.830000000000E+02,.876060000000E+05,.000000000000E+00
15,17 11 20 02 00 00.0,-.357220880687E-03,-.113686837722E-12,.000000000000E+00,.830000000000E+02,-.205312500000E+02,.524378985347E-08,-.150623826105E+01,-.119209289551E-05,.994997995440E-02,.831298530102E-05,.515364591217E+04,.936000000000E+05,.154599547386E-06,.264731893011E+01,-.147148966789E-06,.928859660790E+00,.196031250000E+03,.634936932152E+00,-.821605651745E-08,-.424303388225E-09,.100000000000E+01,.197600000000E+04,.000000000000E+00,.000000000000E+00,.000000000000E+00,-.107102096081E-07,.830000000000E+02,.912360000000E+05,.000000000000E+00
29,17 11 20 02 00 00.0,.536021310836E-03,-.500222085975E-11,.000000000000E+00,.109000000000E+03,-.119562500000E+03,.385444626744E-08,.544505499765E+00,-.629946589470E-05,.431053806096E-03,.778585672379E-05,.515377865028E+04,.936000000000E+05,-.353902578354E-07,-.357758068962E+00,-.186264514923E-08,.982928135771E+00,.241031250000E+03,.998764999325E+00,-.772210737105E-08,-.255724937684E-09,.100000000000E+01,.197600000000E+04,.000000000000E+00,.100000000000E+01,.000000000000E+00,-.102445483208E-07,.109000000000E+03,.915960000000E+05,.000000000000E+00
19,17 11 20 04 00 00.0,-.474632252008E-03,.216004991671E-11,.000000000000E+00,.400000000000E+02,-.127218750000E+03,.395623622169E-08,-.293291393321E+01,-.654906034470E-05,.982414907776E-02,.852532684803E-05,.515369385147E+04,.100800000000E+06,.182539224625E-06,-.320761567087E+00,-.128522515297E-06,.979128283595E+00,.221812500000E+03,.109465969196E+01,-.769746348739E-08,-.261439461432E-09,.100000000000E+01,.197600000000E+04,.000000000000E+00,.000000000000E+00,.000000000000E+00,-.153668224812E-07,.400000000000E+02,.936060000000E+05,.000000000000E+00
05,17 11 20 04 00 00.0,-.221994705498E-04,.113686837722E-11,.000000000000E+00,.770000000000E+02,.703125000000E+01,.519843082122E-08,.112675452297E+01,.527128577232E-06,.528297747951E-02,.497326254845E-05,.515358284187E+04,.100800000000E+06,-.763684511185E-07,.165885404001E+01,.931322574615E-08,.946750881186E+00,.277781250000E+03,.628039519178E+00,-.834427614402E-08,.453590322429E-10,.100000000000E+01,.197600000000E+04,.000000000000E+00,.000000000000E+00,.000000000000E+00,-.107102096081E-07,.770000000000E+02,.936060000000E+05,.000000000000E+00
02,17 11 20 04 00 00.0,.276382546872E-03,-.977706804406E-11,.000000000000E+00,.380000000000E+02,-.110937500000E+02,.465555106525E-08,-.138792757458E+01,-.424683094025E-06,.173075831262E-01,.106859952211E-04,.515362453270E+04,.100800000000E+06,.333413481712E-06,.578091938135E+00,.404193997383E-06,.948319005019E+00,.166687500000E+03,-.193790331272E+01,-.791782980939E-08,.375729936374E-09,.100000000000E+01,.197600000000E+04,.000000000000E+00,.000000000000E+00,.000000000000E+00,-.204890966415E-07,.380000000000E+02,.936060000000E+05,.000000000000E+00
15,17 11 20 04 00 00.0,-.357221812010E-03,-.113686837722E-12,.000000000000E+00,.840000000000E+02,-.169375000000E+02,.530522098375E-08,-.456075944959E+00,-.746920704842E-06,.994990486652E-02,.857561826706E-05,.515364517212E+04,.100800000000E+06,.987201929092E-07,.264725950638E+01,.968575477600E-07,.928855314461E+00,.195687500000E+03,.634978013817E+00,-.844785188694E-08,-.509306928964E-09,.100000000000E+01,.197600000000E+04,.000000000000E+00,.000000000000E+00,.000000000000E+00,-.107102096081E-07,.840000000000E+02,.936060000000E+05,.000000000000E+00
29,17 11 20 04 00 00.0,.535985454917E-03,-.500222085975E-11,.000000000000E+00,.110000000000E+03,-.125843750000E+03,.384337437768E-08,.159296717067E+01,-.660866498947E-05,.431116670370E-03,.771880149841E-05,.515377987862E+04,.100800000000E+06,.149011611938E-07,-.357813529650E+00,-.130385160446E-07,.982926074519E+00,.242062500000E+03,.100041512118E+01,-.774460830831E-08,-.294297972978E-09,.100000000000E+01,.197600000000E+04,.000000000000E+00,.100000000000E+01,.000000000000E+00,-.102445483208E-07,.110000000000E+03,.936060000000E+05,.000000000000E+00
12,17 11 20 03 59 44.0,.364050734788E-03,-.170530256582E-11,.000000000000E+00,.460000000000E+02,.912500000000E+01,.425196282560E-08,-.305918656450E+01,.415369868279E-06,.660033803433E-02,.979751348495E-06,.515368649483E+04,.100784000000E+06,-.149011611938E-07,-.140339229811E+01,-.169500708580E-06,.987829995359E+00,.372343750000E+03,.909373256966E+00,-.814033907780E-08,.300012496725E-10,.100000000000E+01,.197600000000E+04,.000000000000E+00,.000000000000E+00,.000000000000E+00,-.125728547573E-07,.460000000000E+02,.936060000000E+05,.000000000000E+00
20,17 11 20 04 00 00.0,.493267085403E-03,.113686837722E-11,.000000000000E+00,.790000000000E+02,.127187500000E+02,.557701801947E-08,-.666639385121E+00,.778585672379E-06,.465696619358E-02,.510551035404E-05,.515374648666E+04,.100800000000E+06,-.763684511185E-07,.157487748641E+01,.484287738800E-07,.927039701462E+00,.263562500000E+03,.172017974583E+01,-.857285709391E-08,.262868092368E-09,.100000000000E+01,.197600000000E+04,.000000000000E+00,.000000000000E+00,.000000000000E+00,-.838190317154E-08,.790000000000E+02,.936060000000E+05,.000000000000E+00
13,17 11 20 04 00 00.0,-.941129401326E-04,-.341060513165E-12,.000000000000E+00,.430000000000E+02,.771875000000E+01,.419517474587E-08,-.113144255075E+01,.419095158577E-06,.361251144204E-02,.102370977402E-04,.515366196823E+04,.100800000000E+06,-.279396772385E-07,.284202627666E+01,.186264514923E-08,.969338342181E+00,.187718750000E+03,.167564271171E+01,-.776853787650E-08,-.485377360772E-09,.100000000000E+01,.197600000000E+04,.000000000000E+00,.000000000000E+00,.000000000000E+00,-.116415321827E-07,.430000000000E+02,.936060000000E+05,.000000000000E+00
25,17 11 20 04 00 00.0,-.492452178150E-03,-.625277607469E-11,.000000000000E+00,.122000000000E+03,.245625000000E+02,.446268588878E-08,.279256279715E+01,.115483999252E-05,.670668191742E-02,.107660889626E-05,.515372357750E+04,.100800000000E+06,-.819563865662E-07,-.146087272522E+01,-.819563865662E-07,.975609615977E+00,.366125000000E+03,.808156719977E+00,-.820534178542E-08,.717887045734E-10,.100000000000E+01,.197600000000E+04,.000000000000E+00,.000000000000E+00,.000000000000E+00,.558793544769E-08,.122000000000E+03,.936060000000E+05,.000000000000E+00
24,17 11 20 04 00 00.0,-.424212776124E-04,-.454747350886E-12,.000000000000E+00,.640000000000E+02,.116156250000E+03,.469662420468E-08,-.151541776040E+01,.585988163948E-05,.631316809449E-02,.906176865101E-05,.515367331123E+04,.100800000000E+06,.428408384323E-07,-.254866341994E+01,-.121071934700E-06,.943830048207E+00,.194625000000E+03,.476549113361E+00,-.805926427213E-08,.222152110670E-09,.100000000000E+01,.197600000000E+04,.000000000000E+00,.000000000000E+00,.000000000000E+00,.279396772385E-08,.640000000000E+02,.936060000000E+05,.000000000000E+00
18,17 11 20 04 00 00.0,.632853247225E-03,.341060513165E-12,.000000000000E+00,.820000000000E+02,.981250000000E+01,.558130391228E-08,.188397656963E+01,.212341547012E-06,.181771517964E-01,.469759106636E-05,.515362964058E+04,.100800000000E+06,.931322574615E-07,.162599710915E+01,-.467523932457E-06,.925637073162E+00,.267906250000E+03,-.177154880195E+01,-.841463621766E-08,.207865801302E-09,.100000000000E+01,.197600000000E+04,.000000000000E+00,.000000000000E+00,.000000000000E+00,-.111758708954E-07,.820000000000E+02,.957060000000E+05,.000000000000E+00
24,17 11 20 06 00 00.0,-.424240715802E-04,-.454747350886E-12,.000000000000E+00,.650000000000E+02,.115531250000E+03,.471591072233E-08,-.465191702039E+00,.601261854172E-05,.631380942650E-02,.880472362041E-05,.515367441177E+04,.108000000000E+06,.102445483208E-06,-.254872144951E+01,.689178705215E-07,.943830696280E+00,.201750000000E+03,.476505388202E+00,-.821284209784E-08,.133934150324E-09,.100000000000E+01,.197600000000E+04,.000000000000E+00,.000000000000E+00,.000000000000E+00,.279396772385E-08,.650000000000E+02,.100806000000E+06,.000000000000E+00
13,17 11 20 06 00 00.0,-.941152684391E-04,-.341060513165E-12,.000000000000E+00,.440000000000E+02,.127500000000E+02,.416124476112E-08,-.811200568274E-01,.583007931709E-06,.361281295773E-02,.101458281279E-04,.515366298103E+04,.108000000000E+06,-.931322574615E-08,.284197020447E+01,-.167638063431E-07,.969334866288E+00,.188687500000E+03,.167550526910E+01,-.778139555493E-08,-.475019786481E-09,.100000000000E+01,.197600000000E+04,.000000000000E+00,.000000000000E+00,.000000000000E+00,-.116415321827E-07,.440000000000E+02,.100806000000E+06,.000000000000E+00
05,17 11 20 05 59 44.0,-.221915543079E-04,.113686837722E-11,.000000000000E+00,.850000000000E+02,.671875000000E+01,.524879006175E-08,.217465930045E+01,.271946191788E-06,.528289948124E-02,.498630106449E-05,.515358289337E+04,.107984000000E+06,-.558793544769E-07,.165879407353E+01,-.409781932831E-07,.946751201565E+00,.278906250000E+03,.628042567900E+00,-.832606109958E-08,.432160858377E-10,.100000000000E+01,.197600000000E+04,.000000000000E+00,.000000000000E+00,.000000000000E+00,-.107102096081E-07,.850000000000E+02,.100806000000E+06,.000000000000E+00
02,17 11 20 06 00 00.0,.276312697679E-03,-.977706804406E-11,.000000000000E+00,.710000000000E+02,-.746875000000E+01,.481055752189E-08,-.337680378520E+00,-.342726707458E-06,.173080842942E-01,.107288360596E-04,.515362602043E+04,.108000000000E+06,-.113621354103E-06,.578032457349E+00,.227242708206E-06,.948320071486E+00,.171250000000E+03,-.193793801021E+01,-.835034782550E-08,.430375069706E-09,.100000000000E+01,.197600000000E+04,.000000000000E+00,.000000000000E+00,.000000000000E+00,-.204890966415E-07,.710000000000E+02,.100806000000E+06,.000000000000E+00
29,17 11 20 05 59 44.0,.535948202014E-03,-.500222085975E-11,.000000000000E+00,.440000000000E+02,-.128625000000E+03,.392230623694E-08,.264160172776E+01,-.672973692417E-05,.431567896158E-03,.778213143349E-05,.515377885628E+04,.107984000000E+06,-.316649675369E-07,-.357869325345E+00,-.186264514923E-07,.982923751405E+00,.237875000000E+03,.999558448056E+00,-.779282460242E-08,-.292869342041E-09,.100000000000E+01,.197600000000E+04,.000000000000E+00,.000000000000E+00,.000000000000E+00,-.102445483208E-07,.440000000000E+02,.100806000000E+06,.000000000000E+00
20,17 11 20 06 00 00.0,.493275001645E-03,.113686837722E-11,.000000000000E+00,.800000000000E+02,.121875000000E+02,.565916429834E-08,.383480901336E+00,.694766640663E-06,.465645070653E-02,.515580177307E-05,.515374548149E+04,.108000000000E+06,-.409781932831E-07,.157481654564E+01,-.134110450745E-06,.927041080994E+00,.267250000000E+03,.172020360602E+01,-.858357182593E-08,.112147528538E-09,.100000000000E+01,.197600000000E+04,.000000000000E+00,.000000000000E+00,.000000000000E+00,-.838190317154E-08,.800000000000E+02,.100806000000E+06,.000000000000E+00
12,17 11 20 06 00 00.0,.364038627595E-03,-.170530256582E-11,.000000000000E+00,.470000000000E+02,.515625000000E+01,.433053752713E-08,-.200671982035E+01,.296160578728E-06,.660109939054E-02,.867992639542E-06,.515368505478E+04,.108000000000E+06,.800937414169E-07,-.140345172038E+01,-.484287738800E-07,.987830644894E+00,.377562500000E+03,.909412764532E+00,-.816748306560E-08,.136791412197E-09,.100000000000E+01,.197600000000E+04,.000000000000E+00,.000000000000E+00,.000000000000E+00,-.125728547573E-07,.470000000000E+02,.100806000000E+06,.000000000000E+00
15,17 11 20 06 00 00.0,-.357222743332E-03,-.113686837722E-12,.000000000000E+00,.850000000000E+02,-.953125000000E+01,.521914596981E-08,.594116605261E+00,-.350177288055E-06,.995097134728E-02,.859051942825E-05,.515364723778E+04,.108000000000E+06,-.558793544769E-07,.264719949016E+01,.171363353729E-06,.928851702516E+00,.196406250000E+03,.634988242541E+00,-.835391940285E-08,-.602167939855E-09,.100000000000E+01,.197600000000E+04,.000000000000E+00,.000000000000E+00,.000000000000E+00,-.107102096081E-07,.850000000000E+02,.100806000000E+06,.000000000000E+00
18,17 11 20 06 00 00.0,.632856041193E-03,.341060513165E-12,.000000000000E+00,.830000000000E+02,.103437500000E+02,.550237205302E-08,.293418690894E+01,.532716512680E-06,.181771182688E-01,.457465648651E-05,.515362978172E+04,.108000000000E+06,.184401869774E-06,.162593857048E+01,-.135973095894E-06,.925639090526E+00,.268625000000E+03,-.177154472479E+01,-.816534011919E-08,.118576367753E-09,.100000000000E+01,.197600000000E+04,.000000000000E+00,.000000000000E+00,.000000000000E+00,-.111758708954E-07,.830000000000E+02,.100806000000E+06,.000000000000E+00
25,17 11 20 06 00 00.0,-.492497347295E-03,-.625277607469E-11,.000000000000E+00,.135000000000E+03,.194062500000E+02,.455447542647E-08,-.244052435167E+01,.953674316406E-06,.670756853651E-02,.862404704094E-06,.515372183609E+04,.108000000000E+06,.707805156708E-07,-.146093270779E+01,-.106170773506E-06,.975610233328E+00,.371406250000E+03,.808209513765E+00,-.828427364468E-08,.172507185617E-09,.100000000000E+01,.197600000000E+04,.000000000000E+00,.000000000000E+00,.000000000000E+00,.558793544769E-08,.135000000000E+03,.100806000000E+06,.000000000000E+00
21,17 11 20 06 00 00.0,-.460452400148E-03,.352429196937E-11,.000000000000E+00,.520000000000E+02,-.200000000000E+02,.453447459335E-08,-.243490799850E+01,-.105425715446E-05,.240931316512E-01,.104531645775E-04,.515356920624E+04,.108000000000E+06,.298023223877E-06,.586183295607E+00,.106170773506E-06,.941770732074E+00,.160156250000E+03,-.162435194512E+01,-.750174104905E-08,.516092925913E-09,.100000000000E+01,.197600000000E+04,.000000000000E+00,.000000000000E+00,.000000000000E+00,-.977888703346E-08,.520000000000E+02,.101736000000E+06,.000000000000E+00
10,17 11 20 06 00 00.0,.114294700325E-03,.750333128963E-11,.000000000000E+00,.109000000000E+03,.918750000000E+01,.483663003648E-08,-.273635238481E+01,.486150383949E-06,.296181347221E-02,.531226396561E-05,.515365804100E+04,.108000000000E+06,-.931322574615E-08,.167445433801E+01,-.130385160446E-07,.959960182949E+00,.277593750000E+03,-.289344690356E+01,-.807140763510E-08,.140362989539E-09,.100000000000E+01,.197600000000E+04,.000000000000E+00,.000000000000E+00,.000000000000E+00,.186264514923E-08,.109000000000E+03,.103656000000E+06,.000000000000E+00
26,17 11 20 06 00 00.0,-.355700030923E-03,.139834810398E-10,.000000000000E+00,.830000000000E+02,.291562500000E+02,.496770692493E-08,-.292111702766E+01,.161677598953E-05,.225197209511E-02,.111386179924E-05,.515356298828E+04,.108000000000E+06,-.670552253723E-07,-.147951263783E+01,.260770320892E-07,.957274072250E+00,.357437500000E+03,-.842204322791E-01,-.847571019021E-08,.132505519387E-09,.100000000000E+01,.197600000000E+04,.000000000000E+00,.000000000000E+00,.000000000000E+00,.745058059692E-08,.830000000000E+02,.104646000000E+06,.000000000000E+00
32,17 11 20 06 00 00.0,-.524713192135E-03,-.295585778076E-11,.000000000000E+00,.127000000000E+03,-.906250000000E+01,.449661587353E-08,.214047042072E+01,-.387430191040E-06,.147450517397E-02,.915676355362E-05,.515360621452E+04,.108000000000E+06,-.577419996262E-07,.271722087175E+01,-.223517417908E-07,.957775724415E+00,.197781250000E+03,-.263204217839E+01,-.792640159501E-08,-.504663878419E-09,.100000000000E+01,.197600000000E+04,.000000000000E+00,.000000000000E+00,.000000000000E+00,.465661287308E-09,.127000000000E+03,.106626000000E+06,.000000000000E+00
24,17 11 20 08 00 00.0,-.424273312092E-04,-.454747350886E-12,.000000000000E+00,.690000000000E+02,.116312500000E+03,.466769442821E-08,.585032681279E+00,.603683292866E-05,.631432025693E-02,.852346420288E-05,.515367536354E+04,.115200000000E+06,.167638063431E-07,-.254878022370E+01,.134110450745E-06,.943831720322E+00,.207312500000E+03,.476461933683E+00,-.816319717279E-08,.871464871438E-10,.100000000000E+01,.197600000000E+04,.000000000000E+00,.000000000000E+00,.000000000000E+00,.279396772385E-08,.690000000000E+02,.108006000000E+06,.000000000000E+00
21,17 11 20 08 00 00.0,-.460426788777E-03,.352429196937E-11,.000000000000E+00,.840000000000E+02,-.959375000000E+01,.482055793844E-08,-.138470011983E+01,-.225380063057E-06,.240938817151E-01,.109020620584E-04,.515356710243E+04,.115200000000E+06,-.949949026108E-07,.586128923331E+00,.679865479469E-06,.941771257262E+00,.159156250000E+03,-.162431384342E+01,-.812819571483E-08,.350014579512E-09,.100000000000E+01,.197600000000E+04,.000000000000E+00,.000000000000E+00,.000000000000E+00,-.977888703346E-08,.840000000000E+02,.108006000000E+06,.000000000000E+00
29,17 11 20 08 00 00.0,.535912346095E-03,-.500222085975E-11,.000000000000E+00,.450000000000E+02,-.123000000000E+03,.398088010535E-08,-.258893739081E+01,-.624917447567E-05,.430629588664E-03,.810436904430E-05,.515378062248E+04,.115200000000E+06,.800937414169E-07,-.357926215304E+00,-.558793544769E-08,.982921736967E+00,.233906250000E+03,.999358165793E+00,-.784568394709E-08,-.211080220910E-09,.100000000000E+01,.197600000000E+04,.000000000000E+00,.000000000000E+00,.000000000000E+00,-.102445483208E-07,.450000000000E+02,.108006000000E+06,.000000000000E+00
20,17 11 20 08 00 00.0,.493282917887E-03,.113686837722E-11,.000000000000E+00,.820000000000E+02,.934375000000E+01,.573773899986E-08,.143350979930E+01,.260770320892E-06,.465674046427E-02,.480748713017E-05,.515374663162E+04,.115200000000E+06,.521540641785E-07,.157475474027E+01,-.875443220139E-07,.927041636902E+00,.270781250000E+03,.172031996799E+01,-.860714423639E-08,.764317551180E-10,.100000000000E+01,.197600000000E+04,.000000000000E+00,.000000000000E+00,.000000000000E+00,-.838190317154E-08,.820000000000E+02,.108006000000E+06,.000000000000E+00
32,17 11 20 08 00 00.0,-.524734146893E-03,-.295585778076E-11,.000000000000E+00,.128000000000E+03,-.550000000000E+01,.442018411841E-08,-.309224212745E+01,-.219792127609E-06,.147467851639E-02,.941380858421E-05,.515360560226E+04,.115200000000E+06,.391155481339E-07,.271716416173E+01,-.242143869400E-07,.957772522087E+00,.195250000000E+03,-.263229271628E+01,-.783282626865E-08,-.504306720685E-09,.100000000000E+01,.197600000000E+04,.000000000000E+00,.000000000000E+00,.000000000000E+00,.465661287308E-09,.128000000000E+03,.108006000000E+06,.000000000000E+00
10,17 11 20 08 00 00.0,.114348717034E-03,.750333128963E-11,.000000000000E+00,.124000000000E+03,.625000000000E+01,.484341603343E-08,-.168628985875E+01,.316649675369E-06,.296214793343E-02,.523217022419E-05,.515365707779E+04,.115200000000E+06,-.596046447754E-07,.167439658785E+01,-.726431608200E-07,.959961092884E+00,.279750000000E+03,-.289331650051E+01,-.805283543292E-08,.825034365993E-10,.100000000000E+01,.197600000000E+04,.000000000000E+00,.000000000000E+00,.000000000000E+00,.186264514923E-08,.124000000000E+03,.108006000000E+06,.000000000000E+00
15,17 11 20 08 00 00.0,-.357223674655E-03,-.113686837722E-12,.000000000000E+00,.910000000000E+02,-.124062500000E+02,.522878922863E-08,.164422571502E+01,-.607222318649E-06,.995139079168E-02,.914372503757E-05,.515364916801E+04,.115200000000E+06,-.154599547386E-06,.264713945786E+01,.800937414169E-07,.928847183562E+00,.189968750000E+03,.635080717981E+00,-.831784647169E-08,-.618954353362E-09,.100000000000E+01,.197600000000E+04,.000000000000E+00,.000000000000E+00,.000000000000E+00,-.107102096081E-07,.910000000000E+02,.108006000000E+06,.000000000000E+00
18,17 11 20 08 00 00.0,.632858835161E-03,.341060513165E-12,.000000000000E+00,.910000000000E+02,.110312500000E+02,.555558855542E-08,-.229879165333E+01,.610947608948E-06,.181776415557E-01,.447593629360E-05,.515362878418E+04,.115200000000E+06,.262632966042E-06,.162587950370E+01,-.447034835815E-07,.925640214047E+00,.272625000000E+03,-.177153595899E+01,-.818926968738E-08,.162506769059E-09,.100000000000E+01,.197600000000E+04,.000000000000E+00,.000000000000E+00,.000000000000E+00,-.111758708954E-07,.910000000000E+02,.108006000000E+06,.000000000000E+00
25,17 11 20 08 00 00.0,-.492542516440E-03,-.625277607469E-11,.000000000000E+00,.136000000000E+03,.139375000000E+02,.453340312015E-08,-.139027756376E+01,.812113285065E-06,.670756772161E-02,.830739736557E-06,.515372296143E+04,.115200000000E+06,.149011611938E-06,-.146099218711E+01,-.298023223877E-07,.975611311499E+00,.371281250000E+03,.808114169542E+00,-.833463288520E-08,.136077096729E-09,.100000000000E+01,.197600000000E+04,.000000000000E+00,.000000000000E+00,.000000000000E+00,.558793544769E-08,.136000000000E+03,.108066000000E+06,.000000000000E+00
14,17 11 20 08 00 00.0,-.889473594725E-04,-.795807864051E-12,.000000000000E+00,.440000000000E+02,-.190625000000E+01,.427696386700E-08,.216741523441E+01,-.128522515297E-06,.926083326340E-02,.100415199995E-04,.515371431923E+04,.115200000000E+06,.745058059692E-07,.280129639175E+01,-.236555933952E-06,.961834378503E+00,.183500000000E+03,-.195001740672E+01,-.768603443990E-08,-.491091884520E-09,.100000000000E+01,.197600000000E+04,.000000000000E+00,.000000000000E+00,.000000000000E+00,-.977888703346E-08,.440000000000E+02,.108066000000E+06,.000000000000E+00
27,17 11 20 08 00 00.0,.349321402609E-03,.341060513165E-11,.000000000000E+00,.810000000000E+02,-.125500000000E+03,.410195657724E-08,.253595725666E+01,-.641681253910E-05,.506277778186E-02,.669434666634E-05,.515368009377E+04,.115200000000E+06,-.670552253723E-07,-.421229603504E+00,-.577419996262E-07,.976519017057E+00,.259281250000E+03,.371052331156E+00,-.783604068826E-08,-.197151069276E-09,.100000000000E+01,.197600000000E+04,.000000000000E+00,.000000000000E+00,.000000000000E+00,.186264514923E-08,.810000000000E+02,.111126000000E+06,.000000000000E+00
31,17 11 20 08 00 00.0,.160910189152E-03,-.250111042988E-11,.000000000000E+00,.450000000000E+02,.116593750000E+03,.418838874892E-08,-.581638761075E+00,.598095357418E-05,.876362272538E-02,.854767858982E-05,.515356470490E+04,.115200000000E+06,.912696123123E-07,-.248058415134E+01,-.169500708580E-06,.965440073654E+00,.212312500000E+03,-.218403714077E+00,-.797854662421E-08,.225723688012E-09,.100000000000E+01,.197600000000E+04,.000000000000E+00,.000000000000E+00,.000000000000E+00,-.135041773319E-07,.450000000000E+02,.114036000000E+06,.000000000000E+00
08,17 11 20 08 00 00.0,-.812527723610E-04,-.136424205266E-11,.000000000000E+00,.150000000000E+03,-.122625000000E+03,.436053877680E-08,.299976367183E+01,-.623986124992E-05,.287576124538E-02,.648759305477E-05,.515372394943E+04,.115200000000E+06,.558793544769E-08,-.428201360511E+00,.614672899246E-07,.968359838703E+00,.257968750000E+03,-.632779027044E+00,-.797390357366E-08,-.196079596074E-09,.100000000000E+01,.197600000000E+04,.000000000000E+00,.000000000000E+00,.000000000000E+00,.558793544769E-08,.150000000000E+03,.115056000000E+06,.000000000000E+00
24,17 11 20 10 00 00.0,-.424305908382E-04,-.454747350886E-12,.000000000000E+00,.700000000000E+02,.112406250000E+03,.460983487527E-08,.163506461919E+01,.583007931709E-05,.631451164372E-02,.876747071743E-05,.515367712212E+04,.122400000000E+06,-.391155481339E-07,-.254883868776E+01,.819563865662E-07,.943832121162E+00,.200937500000E+03,.476610358426E+00,-.814712507475E-08,.417874549009E-10,.100000000000E+01,.197600000000E+04,.000000000000E+00,.000000000000E+00,.000000000000E+00,.279396772385E-08,.700000000000E+02,.115206000000E+06,.000000000000E+00
14,17 11 20 10 00 00.0,-.889529474080E-04,-.795807864051E-12,.000000000000E+00,.450000000000E+02,.584375000000E+01,.420803242430E-08,-.306567265757E+01,.348314642906E-06,.925989472307E-02,.997446477413E-05,.515371630478E+04,.122400000000E+06,.100582838058E-06,.280124192439E+01,-.819563865662E-07,.961831000625E+00,.185031250000E+03,-.194996173390E+01,-.758638743206E-08,-.529664919813E-09,.100000000000E+01,.197600000000E+04,.000000000000E+00,.000000000000E+00,.000000000000E+00,-.977888703346E-08,.450000000000E+02,.115206000000E+06,.000000000000E+00
21,17 11 20 10 00 00.0,-.460401177406E-03,.352429196937E-11,.000000000000E+00,.850000000000E+02,-.946875000000E+01,.500485132929E-08,-.334432516057E+00,-.433996319771E-06,.240937056951E-01,.108405947685E-04,.515356752968E+04,.122400000000E+06,-.318512320518E-06,.586066841476E+00,.137835741043E-06,.941772780159E+00,.165562500000E+03,-.162433226887E+01,-.858535761461E-08,.514307137242E-09,.100000000000E+01,.197600000000E+04,.000000000000E+00,.000000000000E+00,.000000000000E+00,-.977888703346E-08,.850000000000E+02,.115206000000E+06,.000000000000E+00
32,17 11 20 10 00 00.0,-.524755101651E-03,-.295585778076E-11,.000000000000E+00,.129000000000E+03,-.284375000000E+01,.442875590403E-08,-.204206027409E+01,-.223517417908E-07,.147442193702E-02,.945851206779E-05,.515360595131E+04,.122400000000E+06,-.204890966415E-07,.271710814075E+01,-.316649675369E-07,.957768820904E+00,.196875000000E+03,-.263225327893E+01,-.780389649218E-08,-.548951437459E-09,.100000000000E+01,.197600000000E+04,.000000000000E+00,.000000000000E+00,.000000000000E+00,.465661287308E-09,.129000000000E+03,.115206000000E+06,.000000000000E+00
10,17 11 20 09 59 44.0,.114403199404E-03,.750333128963E-11,.000000000000E+00,.490000000000E+02,.318750000000E+01,.493199115151E-08,-.638318122043E+00,.223517417908E-07,.296238763258E-02,.523030757904E-05,.515365783310E+04,.122384000000E+06,.108033418655E-06,.167433914345E+01,.372529029846E-08,.959960854428E+00,.280281250000E+03,-.289342885554E+01,-.816926885427E-08,-.385730352932E-10,.100000000000E+01,.197600000000E+04,.000000000000E+00,.000000000000E+00,.000000000000E+00,.186264514923E-08,.490000000000E+02,.115206000000E+06,.000000000000E+00
18,17 11 20 10 00 00.0,.632861629128E-03,.341060513165E-12,.000000000000E+00,.930000000000E+02,.121250000000E+02,.582988569528E-08,-.124858513955E+01,.882893800735E-06,.181776583195E-01,.470876693726E-05,.515362843704E+04,.122400000000E+06,-.931322574615E-08,.162582021309E+01,.495463609695E-06,.925638476101E+00,.271781250000E+03,-.177152662411E+01,-.875036448780E-08,-.750031241812E-11,.100000000000E+01,.197600000000E+04,.000000000000E+00,.000000000000E+00,.000000000000E+00,-.111758708954E-07,.930000000000E+02,.115206000000E+06,.000000000000E+00
27,17 11 20 10 00 00.0,.349346082658E-03,.341060513165E-11,.000000000000E+00,.820000000000E+02,-.129875000000E+03,.412838624957E-08,-.269701214920E+01,-.672414898872E-05,.506415928248E-02,.720843672752E-05,.515367749023E+04,.122400000000E+06,-.745058059692E-07,-.421286079456E+00,-.521540641785E-07,.976517545361E+00,.250031250000E+03,.371011486483E+00,-.784604110482E-08,-.198579700213E-09,.100000000000E+01,.197600000000E+04,.000000000000E+00,.000000000000E+00,.000000000000E+00,.186264514923E-08,.820000000000E+02,.115206000000E+06,.000000000000E+00
31,17 11 20 10 00 00.0,.160892028362E-03,-.250111042988E-11,.000000000000E+00,.580000000000E+02,.117500000000E+03,.414410118988E-08,.468581609459E+00,.615604221821E-05,.876424415037E-02,.834278762341E-05,.515356586838E+04,.122400000000E+06,.178813934326E-06,-.248064162354E+01,-.521540641785E-07,.965441483907E+00,.217906250000E+03,-.218379185330E+00,-.799247577584E-08,.187150652719E-09,.100000000000E+01,.197600000000E+04,.000000000000E+00,.000000000000E+00,.000000000000E+00,-.135041773319E-07,.580000000000E+02,.115206000000E+06,.000000000000E+00
25,17 11 20 10 00 00.0,-.492587685585E-03,-.625277607469E-11,.000000000000E+00,.137000000000E+03,.127812500000E+02,.455661837287E-08,-.340146178145E+00,.787898898125E-06,.670733186416E-02,.108405947685E-05,.515372248840E+04,.122400000000E+06,.670552253723E-07,-.146105250030E+01,.614672899246E-07,.975611763540E+00,.369218750000E+03,.808133746311E+00,-.843177978890E-08,.114290474943E-09,.100000000000E+01,.197600000000E+04,.000000000000E+00,.000000000000E+00,.000000000000E+00,.558793544769E-08,.137000000000E+03,.115206000000E+06,.000000000000E+00
08,17 11 20 10 00 00.0,-.812620855868E-04,-.136424205266E-11,.000000000000E+00,.151000000000E+03,-.124562500000E+03,.437161066656E-08,-.223342087808E+01,-.629760324955E-05,.287609675433E-02,.683777034283E-05,.515372306061E+04,.122400000000E+06,-.800937414169E-07,-.428258850266E+00,.223517417908E-07,.968358274843E+00,.253125000000E+03,-.632630805647E+00,-.801676250177E-08,-.185007706314E-09,.100000000000E+01,.197600000000E+04,.000000000000E+00,.100000000000E+01,.000000000000E+00,.558793544769E-08,.151000000000E+03,.115206000000E+06,.000000000000E+00
26,17 11 20 09 59 44.0,-.355497468263E-03,.139834810398E-10,.000000000000E+00,.510000000000E+02,.256250000000E+02,.487091717897E-08,-.823006388857E+00,.123679637909E-05,.225211388897E-02,.772997736931E-06,.515356299591E+04,.122384000000E+06,.931322574615E-08,-.147963537374E+01,-.894069671631E-07,.957276036949E+00,.360156250000E+03,-.841616975811E-01,-.855607068040E-08,.134291308058E-09,.100000000000E+01,.197600000000E+04,.000000000000E+00,.000000000000E+00,.000000000000E+00,.745058059692E-08,.510000000000E+02,.116736000000E+06,.000000000000E+00
26,17 11 20 12 00 00.0,-.355396419764E-03,.139834810398E-10,.000000000000E+00,.520000000000E+02,.191875000000E+02,.481091467962E-08,.229772843373E+00,.102631747723E-05,.225296453573E-02,.666826963425E-06,.515356478500E+04,.129600000000E+06,.596046447754E-07,-.147969710888E+01,-.633299350739E-07,.957276970291E+00,.363187500000E+03,-.843569400909E-01,-.855107047212E-08,.121433629627E-09,.100000000000E+01,.197600000000E+04,.000000000000E+00,.000000000000E+00,.000000000000E+00,.745058059692E-08,.520000000000E+02,.122406000000E+06,.000000000000E+00
21,17 11 20 12 00 00.0,-.460376031697E-03,.352429196937E-11,.000000000000E+00,.860000000000E+02,-.176875000000E+02,.506878256371E-08,.715794004585E+00,-.935047864914E-06,.240935562178E-01,.109858810902E-04,.515356745338E+04,.129600000000E+06,-.357627868652E-06,.586005785127E+00,-.124797224998E-06,.941775707458E+00,.168250000000E+03,-.162430886657E+01,-.856928551657E-08,.352871841386E-09,.100000000000E+01,.197600000000E+04,.000000000000E+00,.000000000000E+00,.000000000000E+00,-.977888703346E-08,.860000000000E+02,.122406000000E+06,.000000000000E+00
08,17 11 20 11 59 44.0,-.812774524093E-04,-.136424205266E-11,.000000000000E+00,.430000000000E+02,-.122843750000E+03,.429946480425E-08,-.118550870846E+01,-.653602182865E-05,.287639163435E-02,.705756247044E-05,.515372351456E+04,.129584000000E+06,-.130385160446E-07,-.428316702824E+00,.186264514923E-07,.968356958217E+00,.248218750000E+03,-.632726796479E+00,-.804497796277E-08,-.145006040084E-09,.100000000000E+01,.197600000000E+04,.000000000000E+00,.000000000000E+00,.000000000000E+00,.558793544769E-08,.430000000000E+02,.122406000000E+06,.000000000000E+00
14,17 11 20 12 00 00.0,-.889590010047E-04,-.795807864051E-12,.000000000000E+00,.460000000000E+02,.746875000000E+01,.431517974456E-08,-.201556746550E+01,.350177288055E-06,.926070776768E-02,.985339283943E-05,.515371459579E+04,.129600000000E+06,.203028321266E-06,.280118741021E+01,-.447034835815E-07,.961827156076E+00,.191781250000E+03,-.194991341372E+01,-.762353183642E-08,-.555737434409E-09,.100000000000E+01,.197600000000E+04,.000000000000E+00,.000000000000E+00,.000000000000E+00,-.977888703346E-08,.460000000000E+02,.122406000000E+06,.000000000000E+00
25,17 11 20 12 00 00.0,-.492632854730E-03,-.625277607469E-11,.000000000000E+00,.138000000000E+03,.244687500000E+02,.439446876155E-08,.709930345117E+00,.111944973469E-05,.670921674464E-02,.132620334625E-05,.515372620010E+04,.129600000000E+06,-.335276126862E-07,-.146111259698E+01,.838190317154E-07,.975612508166E+00,.361812500000E+03,.808206808829E+00,-.837713465557E-08,.475019786481E-10,.100000000000E+01,.197600000000E+04,.000000000000E+00,.000000000000E+00,.000000000000E+00,.558793544769E-08,.138000000000E+03,.122406000000E+06,.000000000000E+00
10,17 11 20 12 00 00.0,.114457216114E-03,.750333128963E-11,.000000000000E+00,.500000000000E+02,.553125000000E+01,.503056668615E-08,.414234985476E+00,.221654772758E-06,.296337250620E-02,.465102493763E-05,.515365971184E+04,.129600000000E+06,-.372529029846E-08,.167427968607E+01,-.111758708954E-07,.959960082008E+00,.286843750000E+03,-.289345474627E+01,-.828177354054E-08,-.332156692802E-10,.100000000000E+01,.197600000000E+04,.000000000000E+00,.000000000000E+00,.000000000000E+00,.186264514923E-08,.500000000000E+02,.122406000000E+06,.000000000000E+00
32,17 11 20 12 00 00.0,-.524776056409E-03,-.295585778076E-11,.000000000000E+00,.148000000000E+03,-.712500000000E+01,.452625996547E-08,-.991555943839E+00,-.474974513054E-06,.147468945943E-02,.950135290623E-05,.515360676765E+04,.129600000000E+06,.108033418655E-06,.271705227044E+01,.000000000000E+00,.957764328283E+00,.198906250000E+03,-.263253583717E+01,-.787889961637E-08,-.638598028743E-09,.100000000000E+01,.197600000000E+04,.000000000000E+00,.000000000000E+00,.000000000000E+00,.465661287308E-09,.148000000000E+03,.122406000000E+06,.000000000000E+00
18,17 11 20 12 00 00.0,.632863957435E-03,.341060513165E-12,.000000000000E+00,.940000000000E+02,.140312500000E+02,.596346268787E-08,-.198365291282E+00,.806525349617E-06,.181778689148E-01,.488013029099E-05,.515362875557E+04,.129600000000E+06,-.180676579475E-06,.162575473580E+01,.126659870148E-06,.925637716846E+00,.270312500000E+03,-.177152715222E+01,-.906787771350E-08,.985755346381E-10,.100000000000E+01,.197600000000E+04,.000000000000E+00,.000000000000E+00,.000000000000E+00,-.111758708954E-07,.940000000000E+02,.122406000000E+06,.000000000000E+00
27,17 11 20 12 00 00.0,.349370762706E-03,.341060513165E-11,.000000000000E+00,.840000000000E+02,-.124531250000E+03,.408338437506E-08,-.164672946860E+01,-.657700002193E-05,.506354018580E-02,.726245343685E-05,.515367898178E+04,.129600000000E+06,.372529029846E-07,-.421343158131E+00,-.540167093277E-07,.976516350157E+00,.246125000000E+03,.370903916654E+00,-.788782855972E-08,-.136077096729E-09,.100000000000E+01,.197600000000E+04,.000000000000E+00,.000000000000E+00,.000000000000E+00,.186264514923E-08,.840000000000E+02,.122406000000E+06,.000000000000E+00
31,17 11 20 12 00 00.0,.160873867571E-03,-.250111042988E-11,.000000000000E+00,.590000000000E+02,.119125000000E+03,.406338354195E-08,.151881032887E+01,.638701021671E-05,.876450526994E-02,.826828181744E-05,.515356635857E+04,.129600000000E+06,-.558793544769E-08,-.248069740460E+01,.145286321640E-06,.965442952677E+00,.220093750000E+03,-.218365053541E+00,-.779961059937E-08,.332156692802E-10,.100000000000E+01,.197600000000E+04,.000000000000E+00,.000000000000E+00,.000000000000E+00,-.135041773319E-07,.590000000000E+02,.122406000000E+06,.000000000000E+00
11,17 11 20 12 00 00.0,-.727242324501E-03,-.170530256582E-11,.000000000000E+00,.125000000000E+03,-.860312500000E+02,.556630328745E-08,.174533145206E+01,-.456534326077E-05,.169043092756E-01,.106859952211E-04,.515374524498E+04,.129600000000E+06,.273808836937E-06,.220763177112E+00,-.303611159325E-06,.903354936336E+00,.140062500000E+03,.172030260462E+01,-.824641492485E-08,.245367363393E-09,.100000000000E+01,.197600000000E+04,.000000000000E+00,.000000000000E+00,.000000000000E+00,-.121071934700E-07,.125000000000E+03,.123066000000E+06,.000000000000E+00
01,17 11 20 12 00 00.0,-.115572474897E-04,-.238742359215E-11,.000000000000E+00,.860000000000E+02,-.204062500000E+02,.421588989445E-08,.238734889162E+01,-.103935599327E-05,.711646664422E-02,.110492110252E-04,.515367980194E+04,.129600000000E+06,-.135973095894E-06,.634993348125E+00,-.782310962677E-07,.969287138586E+00,.169656250000E+03,.630629707801E+00,-.761960310134E-08,.533950812623E-09,.100000000000E+01,.197600000000E+04,.000000000000E+00,.000000000000E+00,.000000000000E+00,.558793544769E-08,.860000000000E+02,.124956000000E+06,.000000000000E+00
16,17 11 20 11 59 44.0,.362317077816E-04,-.341060513165E-12,.000000000000E+00,.500000000000E+02,.121875000000E+01,.413588656199E-08,-.828213732072E+00,.217929482460E-06,.946985243354E-02,.903382897377E-06,.515353683472E+04,.129584000000E+06,.182539224625E-06,-.138472822687E+01,-.931322574615E-08,.988289181937E+00,.371656250000E+03,.448799722516E+00,-.825712965688E-08,.853606984729E-10,.100000000000E+01,.197600000000E+04,.000000000000E+00,.000000000000E+00,.000000000000E+00,-.107102096081E-07,.500000000000E+02,.126096000000E+06,.000000000000E+00
22,17 11 20 12 00 00.0,-.195373781025E-03,-.128466126625E-10,.000000000000E+00,.820000000000E+02,.132812500000E+02,.576524014539E-08,-.235491761726E+01,.678002834320E-06,.713899976108E-02,.456348061562E-05,.515365935898E+04,.129600000000E+06,.894069671631E-07,.162528189289E+01,.502914190292E-07,.923749777177E+00,.267406250000E+03,-.165495646344E+01,-.846678124685E-08,.165364030933E-09,.100000000000E+01,.197600000000E+04,.000000000000E+00,.000000000000E+00,.000000000000E+00,-.176951289177E-07,.820000000000E+02,.127596000000E+06,.000000000000E+00
11,17 11 20 14 00 00.0,-.727254431695E-03,-.170530256582E-11,.000000000000E+00,.126000000000E+03,-.725625000000E+02,.542236872056E-08,.279539976104E+01,-.382214784622E-05,.169027631637E-01,.109523534775E-04,.515374887848E+04,.136800000000E+06,.255182385445E-06,.220705232390E+00,-.372529029846E-07,.903356801557E+00,.132500000000E+03,.172037735827E+01,-.809426573009E-08,.184293390845E-09,.100000000000E+01,.197600000000E+04,.000000000000E+00,.100000000000E+01,.000000000000E+00,-.121071934700E-07,.126000000000E+03,.129606000000E+06,.000000000000E+00
26,17 11 20 14 00 00.0,-.355295836926E-03,.139834810398E-10,.000000000000E+00,.530000000000E+02,.280625000000E+02,.473769734411E-08,.127958919397E+01,.151619315147E-05,.225367851090E-02,.722706317902E-06,.515356704140E+04,.136800000000E+06,.260770320892E-07,-.147975800723E+01,.316649675369E-07,.957277969464E+00,.361875000000E+03,-.839245907446E-01,-.846999566646E-08,.721458623076E-10,.100000000000E+01,.197600000000E+04,.000000000000E+00,.000000000000E+00,.000000000000E+00,.745058059692E-08,.530000000000E+02,.129606000000E+06,.000000000000E+00
01,17 11 20 14 00 00.0,-.115749426186E-04,-.238742359215E-11,.000000000000E+00,.870000000000E+02,-.140625000000E+02,.416088760338E-08,-.284562811410E+01,-.858679413795E-06,.711591739673E-02,.111758708954E-04,.515368068504E+04,.136800000000E+06,-.447034835815E-07,.634938555991E+00,-.119209289551E-06,.969291088464E+00,.168312500000E+03,.630596410323E+00,-.760888836931E-08,.555023118941E-09,.100000000000E+01,.197600000000E+04,.000000000000E+00,.000000000000E+00,.000000000000E+00,.558793544769E-08,.870000000000E+02,.129606000000E+06,.000000000000E+00
14,17 11 20 14 00 00.0,-.889645889401E-04,-.795807864051E-12,.000000000000E+00,.470000000000E+02,.625000000000E+00,.447125767440E-08,-.965248187079E+00,.186264514923E-07,.926076935139E-02,.944733619690E-05,.515371748161E+04,.136800000000E+06,-.502914190292E-07,.280113199195E+01,.242143869400E-06,.961821225406E+00,.200375000000E+03,-.195007909504E+01,-.799140430264E-08,-.642526763819E-09,.100000000000E+01,.197600000000E+04,.000000000000E+00,.000000000000E+00,.000000000000E+00,-.977888703346E-08,.470000000000E+02,.129606000000E+06,.000000000000E+00
22,17 11 20 14 00 00.0,-.195465981960E-03,-.128466126625E-10,.000000000000E+00,.830000000000E+02,.153125000000E+02,.584345768918E-08,-.130476650419E+01,.920146703720E-06,.713912071660E-02,.482983887196E-05,.515365867424E+04,.136800000000E+06,-.782310962677E-07,.162522069756E+01,.193715095520E-06,.923749961505E+00,.265718750000E+03,-.165490870356E+01,-.867178978628E-08,.124648049234E-09,.100000000000E+01,.197600000000E+04,.000000000000E+00,.000000000000E+00,.000000000000E+00,-.176951289177E-07,.830000000000E+02,.129606000000E+06,.000000000000E+00
32,17 11 20 13 59 44.0,-.524796079844E-03,-.295585778076E-11,.000000000000E+00,.440000000000E+02,-.102500000000E+02,.462769276198E-08,.567277733166E-01,-.601634383202E-06,.147531297989E-02,.898726284504E-05,.515360830498E+04,.136784000000E+06,-.242143869400E-07,.271699520640E+01,.186264514923E-07,.957759126146E+00,.204937500000E+03,-.263293194565E+01,-.800783355841E-08,-.641812448350E-09,.100000000000E+01,.197600000000E+04,.000000000000E+00,.000000000000E+00,.000000000000E+00,.465661287308E-09,.440000000000E+02,.129606000000E+06,.000000000000E+00
10,17 11 20 14 00 00.0,.114511232823E-03,.750333128963E-11,.000000000000E+00,.510000000000E+02,.114375000000E+02,.507306845652E-08,.146414518666E+01,.683590769768E-06,.296405493282E-02,.504963099957E-05,.515366176033E+04,.136800000000E+06,.894069671631E-07,.167421937581E+01,.838190317154E-07,.959960041046E+00,.281937500000E+03,-.289317203296E+01,-.831856078716E-08,.703600736366E-10,.100000000000E+01,.197600000000E+04,.000000000000E+00,.000000000000E+00,.000000000000E+00,.186264514923E-08,.510000000000E+02,.129606000000E+06,.000000000000E+00
16,17 11 20 14 00 00.0,.362293794751E-04,-.341060513165E-12,.000000000000E+00,.510000000000E+02,.421875000000E+01,.409981363084E-08,.224362148693E+00,.340864062309E-06,.946994870901E-02,.109337270260E-05,.515353691483E+04,.136800000000E+06,.124797224998E-06,-.138478783932E+01,.115483999252E-06,.988289657385E+00,.370906250000E+03,.448819681107E+00,-.826391565383E-08,.535736601294E-10,.100000000000E+01,.197600000000E+04,.000000000000E+00,.000000000000E+00,.000000000000E+00,-.107102096081E-07,.510000000000E+02,.129606000000E+06,.000000000000E+00
31,17 11 20 14 00 00.0,.160855241120E-03,-.250111042988E-11,.000000000000E+00,.600000000000E+02,.114218750000E+03,.411017120513E-08,.256896507143E+01,.595487654209E-05,.876396312378E-02,.882148742676E-05,.515356812096E+04,.136800000000E+06,-.689178705215E-07,-.248075354994E+01,.894069671631E-07,.965443128227E+00,.215281250000E+03,-.218276716696E+00,-.777532387345E-08,.332156692802E-10,.100000000000E+01,.197600000000E+04,.000000000000E+00,.000000000000E+00,.000000000000E+00,-.135041773319E-07,.600000000000E+02,.129606000000E+06,.000000000000E+00
27,17 11 20 14 00 00.0,.349395442754E-03,.341060513165E-11,.000000000000E+00,.850000000000E+02,-.116906250000E+03,.413910098160E-08,-.596760752155E+00,-.609643757343E-05,.506333599333E-02,.709481537342E-05,.515367703056E+04,.136800000000E+06,.651925802231E-07,-.421399806708E+00,.558793544769E-07,.976514897479E+00,.249687500000E+03,.371110631367E+00,-.797354641593E-08,-.187507810453E-09,.100000000000E+01,.197600000000E+04,.000000000000E+00,.000000000000E+00,.000000000000E+00,.186264514923E-08,.850000000000E+02,.129636000000E+06,.000000000000E+00
03,17 11 20 14 00 00.0,-.392976216972E-04,.557065504836E-11,.000000000000E+00,.840000000000E+02,.925000000000E+01,.497627871055E-08,.236714771334E+01,.443309545517E-06,.112674012780E-02,.512227416039E-05,.515360481834E+04,.136800000000E+06,-.353902578354E-07,.167780574289E+01,.186264514923E-08,.959831342291E+00,.278593750000E+03,.594991601434E+00,-.814676791701E-08,.960754304987E-10,.100000000000E+01,.197600000000E+04,.000000000000E+00,.000000000000E+00,.000000000000E+00,.232830643654E-08,.840000000000E+02,.130206000000E+06,.000000000000E+00
23,17 11 20 14 00 00.0,-.218745321035E-03,-.113686837722E-12,.000000000000E+00,.890000000000E+02,-.562500000000E+01,.482484383125E-08,-.201945113703E+01,-.474974513054E-06,.118520269170E-01,.890344381332E-05,.515364516640E+04,.136800000000E+06,.139698386192E-06,.271309525112E+01,-.800937414169E-07,.944158587424E+00,.196000000000E+03,-.241314252192E+01,-.790675791963E-08,-.481448625696E-09,.100000000000E+01,.197600000000E+04,.000000000000E+00,.000000000000E+00,.000000000000E+00,-.204890966415E-07,.890000000000E+02,.135396000000E+06,.000000000000E+00
08,17 11 20 14 00 00.0,-.812876969576E-04,-.136424205266E-11,.000000000000E+00,.440000000000E+02,-.118875000000E+03,.426589197724E-08,-.133018468387E+00,-.625848770142E-05,.287604203913E-02,.691227614880E-05,.515372302437E+04,.136800000000E+06,-.931322574615E-08,-.428374571475E+00,-.372529029846E-07,.968355698645E+00,.248062500000E+03,-.632734892268E+00,-.804712090917E-08,-.184293390845E-09,.100000000000E+01,.197600000000E+04,.000000000000E+00,.000000000000E+00,.000000000000E+00,.558793544769E-08,.440000000000E+02,.136146000000E+06,.000000000000E+00
23,17 11 20 16 00 00.0,-.218746252358E-03,-.113686837722E-12,.000000000000E+00,.900000000000E+02,-.712500000000E+01,.490806158332E-08,-.969234413555E+00,-.385567545891E-06,.118523258716E-01,.870786607265E-05,.515364555550E+04,.144000000000E+06,.229105353355E-06,.271303872690E+01,.203028321266E-06,.944153964602E+00,.200375000000E+03,-.241315883345E+01,-.812819571483E-08,-.612525514146E-09,.100000000000E+01,.197600000000E+04,.000000000000E+00,.100000000000E+01,.000000000000E+00,-.204890966415E-07,.900000000000E+02,.136806000000E+06,.000000000000E+00
14,17 11 20 16 00 00.0,-.889706425369E-04,-.795807864051E-12,.000000000000E+00,.480000000000E+02,-.831250000000E+01,.458126225653E-08,.848587926750E-01,-.383704900742E-06,.925958680455E-02,.940635800362E-05,.515371507263E+04,.144000000000E+06,-.106170773506E-06,.280107356739E+01,.782310962677E-07,.961816424109E+00,.201250000000E+03,-.195003100161E+01,-.809533720329E-08,-.610382567741E-09,.100000000000E+01,.197600000000E+04,.000000000000E+00,.000000000000E+00,.000000000000E+00,-.977888703346E-08,.480000000000E+02,.136806000000E+06,.000000000000E+00
11,17 11 20 16 00 00.0,-.727266538888E-03,-.170530256582E-11,.000000000000E+00,.127000000000E+03,-.605937500000E+02,.542344019377E-08,-.243768010099E+01,-.311434268951E-05,.169045838993E-01,.103805214167E-04,.515374538231E+04,.144000000000E+06,.197440385818E-06,.220646472823E+00,.119209289551E-06,.903358700424E+00,.140968750000E+03,.172041439497E+01,-.807747931658E-08,.291083553370E-09,.100000000000E+01,.197600000000E+04,.000000000000E+00,.100000000000E+01,.000000000000E+00,-.121071934700E-07,.127000000000E+03,.136806000000E+06,.000000000000E+00
26,17 11 20 16 00 00.0,-.355194788426E-03,.139834810398E-10,.000000000000E+00,.540000000000E+02,.330312500000E+02,.475555523082E-08,.232971710223E+01,.172667205334E-05,.225400086492E-02,.983476638794E-06,.515356739235E+04,.144000000000E+06,-.558793544769E-08,-.147981909723E+01,.540167093277E-07,.957278573649E+00,.358875000000E+03,-.838052692944E-01,-.846035240764E-08,.967897459671E-10,.100000000000E+01,.197600000000E+04,.000000000000E+00,.000000000000E+00,.000000000000E+00,.745058059692E-08,.540000000000E+02,.136806000000E+06,.000000000000E+00
22,17 11 20 16 00 00.0,-.195558182895E-03,-.128466126625E-10,.000000000000E+00,.840000000000E+02,.156562500000E+02,.591917512883E-08,-.254565574375E+00,.875443220139E-06,.713916111272E-02,.492297112942E-05,.515365873528E+04,.144000000000E+06,-.670552253723E-07,.162515692750E+01,.000000000000E+00,.923750608115E+00,.265406250000E+03,-.165490931798E+01,-.883072497800E-08,.204651381694E-09,.100000000000E+01,.197600000000E+04,.000000000000E+00,.000000000000E+00,.000000000000E+00,-.176951289177E-07,.840000000000E+02,.136806000000E+06,.000000000000E+00
08,17 11 20 16 00 00.0,-.812974758446E-04,-.136424205266E-11,.000000000000E+00,.450000000000E+02,-.118593750000E+03,.416945938901E-08,.916807420435E+00,-.622123479843E-05,.287727033719E-02,.635534524918E-05,.515372585487E+04,.144000000000E+06,.782310962677E-07,-.428432381608E+00,-.242143869400E-07,.968354658510E+00,.260031250000E+03,-.632412501696E+00,-.798104672835E-08,-.187150652719E-09,.100000000000E+01,.197600000000E+04,.000000000000E+00,.000000000000E+00,.000000000000E+00,.558793544769E-08,.450000000000E+02,.136806000000E+06,.000000000000E+00
27,17 11 20 16 00 00.0,.349419657141E-03,.341060513165E-11,.000000000000E+00,.860000000000E+02,-.110562500000E+03,.404302555110E-08,.453487794181E+00,-.580213963985E-05,.506556534674E-02,.644661486149E-05,.515368131065E+04,.144000000000E+06,.689178705215E-07,-.421457213076E+00,.391155481339E-07,.976513570613E+00,.264687500000E+03,.371036250761E+00,-.797283210046E-08,-.182864759908E-09,.100000000000E+01,.197600000000E+04,.000000000000E+00,.000000000000E+00,.000000000000E+00,.186264514923E-08,.860000000000E+02,.136806000000E+06,.000000000000E+00
16,17 11 20 16 00 00.0,.362270511687E-04,-.341060513165E-12,.000000000000E+00,.520000000000E+02,.136562500000E+02,.404766860164E-08,.127453085335E+01,.851228833199E-06,.947118713520E-02,.153854489326E-05,.515353977203E+04,.144000000000E+06,-.484287738800E-07,-.138484635312E+01,.102445483208E-06,.988289731994E+00,.365156250000E+03,.448910677537E+00,-.819034116058E-08,-.621454457501E-10,.100000000000E+01,.197600000000E+04,.000000000000E+00,.000000000000E+00,.000000000000E+00,-.107102096081E-07,.520000000000E+02,.136806000000E+06,.000000000000E+00
03,17 11 20 16 00 00.0,-.392571091652E-04,.557065504836E-11,.000000000000E+00,.850000000000E+02,.108437500000E+02,.499735101687E-08,-.286585699858E+01,.525265932083E-06,.112644908950E-02,.507198274136E-05,.515360537529E+04,.144000000000E+06,-.316649675369E-07,.167774673462E+01,-.763684511185E-07,.959831868941E+00,.280000000000E+03,.595037313235E+00,-.820569894316E-08,.123933733766E-09,.100000000000E+01,.197600000000E+04,.000000000000E+00,.000000000000E+00,.000000000000E+00,.232830643654E-08,.850000000000E+02,.136806000000E+06,.000000000000E+00
01,17 11 20 16 00 00.0,-.115921720862E-04,-.238742359215E-11,.000000000000E+00,.880000000000E+02,-.130000000000E+02,.420196074282E-08,-.179562747532E+01,-.847503542900E-06,.711673183832E-02,.105481594801E-04,.515367795372E+04,.144000000000E+06,.391155481339E-07,.634883553197E+00,-.126659870148E-06,.969295215356E+00,.179531250000E+03,.630770532685E+00,-.763460372618E-08,.571809532448E-09,.100000000000E+01,.197600000000E+04,.000000000000E+00,.100000000000E+01,.000000000000E+00,.558793544769E-08,.880000000000E+02,.136836000000E+06,.000000000000E+00
09,17 11 20 15 59 44.0,.473886728287E-03,.466116034659E-11,.000000000000E+00,.540000000000E+02,-.503125000000E+01,.468233789531E-08,.661298612073E+00,-.352039933205E-06,.102320779115E-02,.913254916668E-05,.515373446465E+04,.143984000000E+06,-.186264514923E-07,.271287980864E+01,.223517417908E-07,.953311638673E+00,.198593750000E+03,.174045210386E+01,-.797140346952E-08,-.588595945955E-09,.100000000000E+01,.197600000000E+04,.000000000000E+00,.000000000000E+00,.000000000000E+00,.931322574615E-09,.540000000000E+02,.139716000000E+06,.000000000000E+00
07,17 11 20 16 00 00.0,.276920851320E-03,-.522959453519E-11,.000000000000E+00,.890000000000E+02,.117500000000E+03,.419267464173E-08,-.244811165925E+01,.592693686485E-05,.110701171216E-01,.868365168571E-05,.515371809769E+04,.144000000000E+06,.316649675369E-07,-.249251782218E+01,-.139698386192E-06,.960745367655E+00,.212250000000E+03,-.254608007484E+01,-.773746515362E-08,.133576992589E-09,.100000000000E+01,.197600000000E+04,.000000000000E+00,.000000000000E+00,.000000000000E+00,-.111758708954E-07,.890000000000E+02,.139986000000E+06,.000000000000E+00
23,17 11 20 18 00 00.0,-.218747183681E-03,-.113686837722E-12,.000000000000E+00,.930000000000E+02,-.105625000000E+02,.504342436458E-08,.809899463564E-01,-.502914190292E-06,.118522273842E-01,.863149762154E-05,.515364559937E+04,.151200000000E+06,-.316649675369E-07,.271297888477E+01,.128522515297E-06,.944148598619E+00,.202937500000E+03,-.241318198852E+01,-.837034865862E-08,-.590738892360E-09,.100000000000E+01,.197600000000E+04,.000000000000E+00,.100000000000E+01,.000000000000E+00,-.204890966415E-07,.930000000000E+02,.144006000000E+06,.000000000000E+00
08,17 11 20 18 00 00.0,-.813072547317E-04,-.136424205266E-11,.000000000000E+00,.460000000000E+02,-.117250000000E+03,.417660254369E-08,.196692136075E+01,-.606663525105E-05,.287770573050E-02,.605732202530E-05,.515372614098E+04,.151200000000E+06,.149011611938E-07,-.428489646074E+00,-.316649675369E-07,.968353295070E+00,.266281250000E+03,-.632380626174E+00,-.796211736843E-08,-.221080637467E-09,.100000000000E+01,.197600000000E+04,.000000000000E+00,.000000000000E+00,.000000000000E+00,.558793544769E-08,.460000000000E+02,.144006000000E+06,.000000000000E+00
22,17 11 20 18 00 00.0,-.195650383830E-03,-.128466126625E-10,.000000000000E+00,.880000000000E+02,.140937500000E+02,.594381901249E-08,.795613998299E+00,.722706317902E-06,.713956775144E-02,.524893403053E-05,.515365955734E+04,.151200000000E+06,-.124797224998E-06,.162509318816E+01,.558793544769E-08,.923752192455E+00,.262750000000E+03,-.165488873326E+01,-.880893835621E-08,.238938524177E-09,.100000000000E+01,.197600000000E+04,.000000000000E+00,.000000000000E+00,.000000000000E+00,-.176951289177E-07,.880000000000E+02,.144006000000E+06,.000000000000E+00
11,17 11 20 17 59 44.0,-.727278180420E-03,-.170530256582E-11,.000000000000E+00,.430000000000E+02,-.617812500000E+02,.553951645738E-08,-.138977062461E+01,-.298395752907E-05,.169042461785E-01,.102501362562E-04,.515374856949E+04,.151184000000E+06,-.238418579102E-06,.220587454319E+00,.339001417160E-06,.903358444414E+00,.154000000000E+03,.172031414265E+01,-.856714257016E-08,.232509684962E-09,.100000000000E+01,.197600000000E+04,.000000000000E+00,.000000000000E+00,.000000000000E+00,-.121071934700E-07,.430000000000E+02,.144006000000E+06,.000000000000E+00
27,17 11 20 18 00 00.0,.349444337189E-03,.341060513165E-11,.000000000000E+00,.870000000000E+02,-.114312500000E+03,.405552607180E-08,.150390757947E+01,-.599958002567E-05,.506478908937E-02,.589340925217E-05,.515367852592E+04,.151200000000E+06,-.167638063431E-07,-.421514135219E+00,.279396772385E-07,.976512049178E+00,.274406250000E+03,.370789934855E+00,-.794104506212E-08,-.237867050975E-09,.100000000000E+01,.197600000000E+04,.000000000000E+00,.000000000000E+00,.000000000000E+00,.186264514923E-08,.870000000000E+02,.144006000000E+06,.000000000000E+00
09,17 11 20 18 00 00.0,.473920255899E-03,.466116034659E-11,.000000000000E+00,.550000000000E+02,-.859375000000E+01,.468805241906E-08,.171309155078E+01,-.553205609322E-06,.102358660661E-02,.882893800735E-05,.515373596191E+04,.151200000000E+06,-.614672899246E-07,.271282224282E+01,-.372529029846E-08,.953307336231E+00,.203187500000E+03,.174113717669E+01,-.799140430264E-08,-.580738475803E-09,.100000000000E+01,.197600000000E+04,.000000000000E+00,.000000000000E+00,.000000000000E+00,.931322574615E-09,.550000000000E+02,.144006000000E+06,.000000000000E+00
07,17 11 20 18 00 00.0,.276883598417E-03,-.522959453519E-11,.000000000000E+00,.900000000000E+02,.108218750000E+03,.422517599554E-08,-.139792615591E+01,.552646815777E-05,.110706717242E-01,.852905213833E-05,.515371837997E+04,.151200000000E+06,.223517417908E-06,-.249257313073E+01,-.141561031342E-06,.960746039135E+00,.215531250000E+03,-.254611362248E+01,-.780889670046E-08,.396445084958E-10,.100000000000E+01,.197600000000E+04,.000000000000E+00,.000000000000E+00,.000000000000E+00,-.111758708954E-07,.900000000000E+02,.144006000000E+06,.000000000000E+00
16,17 11 20 18 00 00.0,.362247228622E-04,-.341060513165E-12,.000000000000E+00,.640000000000E+02,.250937500000E+02,.409802784217E-08,.232495708864E+01,.118650496006E-05,.947157631163E-02,.153481960297E-05,.515353672981E+04,.151200000000E+06,-.167638063431E-06,-.138490562763E+01,-.260770320892E-07,.988289979227E+00,.367218750000E+03,.448745366331E+00,-.807747931658E-08,.335728270144E-10,.100000000000E+01,.197600000000E+04,.000000000000E+00,.000000000000E+00,.000000000000E+00,-.107102096081E-07,.640000000000E+02,.144006000000E+06,.000000000000E+00
01,17 11 20 18 00 00.0,-.116098672152E-04,-.238742359215E-11,.000000000000E+00,.890000000000E+02,-.231562500000E+02,.418624580251E-08,-.745242046665E+00,-.113062560558E-05,.711753428914E-02,.102352350950E-04,.515368110085E+04,.151200000000E+06,.119209289551E-06,.634828739119E+00,.707805156708E-07,.969298294799E+00,.187562500000E+03,.630560129955E+00,-.780496796539E-08,.466090843126E-09,.100000000000E+01,.197600000000E+04,.000000000000E+00,.100000000000E+01,.000000000000E+00,.558793544769E-08,.890000000000E+02,.144006000000E+06,.000000000000E+00
03,17 11 20 18 00 00.0,-.392170622945E-04,.557065504836E-11,.000000000000E+00,.940000000000E+02,.112812500000E+02,.504378152232E-08,-.181554484750E+01,.596046447754E-06,.112634466495E-02,.525265932083E-05,.515360564613E+04,.151200000000E+06,.428408384323E-07,.167768698905E+01,.260770320892E-07,.959833078775E+00,.279125000000E+03,.594951676937E+00,-.823141430002E-08,.226080845746E-09,.100000000000E+01,.197600000000E+04,.000000000000E+00,.000000000000E+00,.000000000000E+00,.232830643654E-08,.940000000000E+02,.144006000000E+06,.000000000000E+00
28,17 11 20 18 00 00.0,.664197374135E-03,.318323145621E-11,.000000000000E+00,.460000000000E+02,.139062500000E+02,.392873507616E-08,.235700606009E+01,.556930899620E-06,.200083674863E-01,.558793544769E-06,.515366467857E+04,.151200000000E+06,.266358256340E-06,-.138050772723E+01,-.689178705215E-07,.987125601766E+00,.377625000000E+03,-.155051689117E+01,-.776675208783E-08,-.514307137242E-10,.100000000000E+01,.197600000000E+04,.000000000000E+00,.100000000000E+01,.000000000000E+00,-.111758708954E-07,.460000000000E+02,.144306000000E+06,.000000000000E+00
30,17 11 20 18 00 00.0,.126599334180E-03,-.272848410532E-11,.000000000000E+00,.152000000000E+03,.116250000000E+03,.459733435457E-08,-.135984043692E+01,.593997538090E-05,.300288666040E-02,.816769897938E-05,.515360874939E+04,.151200000000E+06,-.149011611938E-07,-.245624439975E+01,-.614672899246E-07,.946396550724E+00,.215375000000E+03,-.305960984668E+01,-.804462080503E-08,.457161899771E-10,.100000000000E+01,.197600000000E+04,.000000000000E+00,.000000000000E+00,.000000000000E+00,.372529029846E-08,.152000000000E+03,.146976000000E+06,.000000000000E+00
17,17 11 20 18 00 00.0,-.143264420331E-03,.261479726760E-11,.000000000000E+00,.101000000000E+03,-.118218750000E+03,.387623288923E-08,.143496336056E+01,-.623613595963E-05,.121629281202E-01,.741146504879E-05,.515372106743E+04,.151200000000E+06,-.253319740295E-06,-.368550654928E+00,-.203028321266E-06,.981717124870E+00,.248000000000E+03,-.183100319855E+01,-.790175771135E-08,-.166078346401E-09,.100000000000E+01,.197600000000E+04,.000000000000E+00,.100000000000E+01,.000000000000E+00,-.111758708954E-07,.101000000000E+03,.147756000000E+06,.000000000000E+00
19,17 11 20 18 00 00.0,-.474524218589E-03,.216004991671E-11,.000000000000E+00,.690000000000E+02,-.115968750000E+03,.388337604391E-08,-.186534379606E+01,-.595301389694E-05,.982448377181E-02,.724196434021E-05,.515369104195E+04,.151200000000E+06,.132247805595E-06,-.321155419744E+00,.558793544769E-08,.979120047366E+00,.241656250000E+03,.109506773639E+01,-.769246327912E-08,-.739316509786E-10,.100000000000E+01,.197600000000E+04,.000000000000E+00,.000000000000E+00,.000000000000E+00,-.153668224812E-07,.690000000000E+02,.149976000000E+06,.000000000000E+00
23,17 11 20 20 00 00.0,-.218747183681E-03,-.113686837722E-12,.000000000000E+00,.580000000000E+02,-.160000000000E+02,.513664253321E-08,.113122768465E+01,-.648200511932E-06,.118513229536E-01,.866502523422E-05,.515364371490E+04,.158400000000E+06,-.106170773506E-06,.271291895926E+01,.106170773506E-06,.944144193773E+00,.207875000000E+03,-.241321687327E+01,-.834534761723E-08,-.631812031793E-09,.100000000000E+01,.197600000000E+04,.000000000000E+00,.000000000000E+00,.000000000000E+00,-.204890966415E-07,.580000000000E+02,.151206000000E+06,.000000000000E+00
17,17 11 20 20 00 00.0,-.143245793879E-03,.261479726760E-11,.000000000000E+00,.130000000000E+03,-.117031250000E+03,.369979696854E-08,.248500581684E+01,-.608712434769E-05,.121625211323E-01,.672414898872E-05,.515372352600E+04,.158400000000E+06,.987201929092E-07,-.368605962009E+00,-.121071934700E-06,.981717440861E+00,.257625000000E+03,-.183090009355E+01,-.756031491746E-08,-.187864968187E-09,.100000000000E+01,.197600000000E+04,.000000000000E+00,.100000000000E+01,.000000000000E+00,-.111758708954E-07,.130000000000E+03,.151206000000E+06,.000000000000E+00
11,17 11 20 20 00 00.0,-.727289821953E-03,-.170530256582E-11,.000000000000E+00,.440000000000E+02,-.759687500000E+02,.562237705171E-08,-.337374156119E+00,-.405684113503E-05,.169025636278E-01,.992789864540E-05,.515374448013E+04,.158400000000E+06,-.283122062683E-06,.220524118743E+00,.353902578354E-07,.903359955608E+00,.161750000000E+03,.172039529072E+01,-.873607817844E-08,.285369029623E-09,.100000000000E+01,.197600000000E+04,.000000000000E+00,.000000000000E+00,.000000000000E+00,-.121071934700E-07,.440000000000E+02,.151206000000E+06,.000000000000E+00
08,17 11 20 20 00 00.0,-.813170336187E-04,-.136424205266E-11,.000000000000E+00,.470000000000E+02,-.115156250000E+03,.422196157593E-08,.301737155718E+01,-.595301389694E-05,.287852215115E-02,.562146306038E-05,.515372392654E+04,.158400000000E+06,.614672899246E-07,-.428546979296E+00,.372529029846E-08,.968351741451E+00,.274968750000E+03,-.632683363904E+00,-.797926093967E-08,-.222509268404E-09,.100000000000E+01,.197600000000E+04,.000000000000E+00,.000000000000E+00,.000000000000E+00,.558793544769E-08,.470000000000E+02,.151206000000E+06,.000000000000E+00
30,17 11 20 19 59 44.0,.126579310745E-03,-.272848410532E-11,.000000000000E+00,.370000000000E+02,.104562500000E+03,.459340561950E-08,-.311496184209E+00,.532530248165E-05,.300376536325E-02,.829063355923E-05,.515361177635E+04,.158384000000E+06,.502914190292E-07,-.245630204604E+01,-.745058059692E-08,.946396420524E+00,.212062500000E+03,-.306006827985E+01,-.811105214359E-08,-.964325882329E-11,.100000000000E+01,.197600000000E+04,.000000000000E+00,.000000000000E+00,.000000000000E+00,.372529029846E-08,.370000000000E+02,.151206000000E+06,.000000000000E+00
09,17 11 20 20 00 00.0,.473953317851E-03,.466116034659E-11,.000000000000E+00,.700000000000E+02,-.176875000000E+02,.481234331056E-08,.276415979792E+01,-.843778252602E-06,.102452468127E-02,.870972871780E-05,.515373346138E+04,.158400000000E+06,.391155481339E-07,.271276401136E+01,-.540167093277E-07,.953303147897E+00,.206437500000E+03,.174021424215E+01,-.806212153401E-08,-.510378402166E-09,.100000000000E+01,.197600000000E+04,.000000000000E+00,.000000000000E+00,.000000000000E+00,.931322574615E-09,.700000000000E+02,.151206000000E+06,.000000000000E+00
07,17 11 20 20 00 00.0,.276846345514E-03,-.522959453519E-11,.000000000000E+00,.920000000000E+02,.100812500000E+03,.439268297288E-08,-.347737894965E+00,.522844493389E-05,.110702465754E-01,.872276723385E-05,.515371845055E+04,.158400000000E+06,.577419996262E-07,-.249262984806E+01,.145286321640E-06,.960744669843E+00,.211125000000E+03,-.254615100735E+01,-.811462372094E-08,-.475019786481E-10,.100000000000E+01,.197600000000E+04,.000000000000E+00,.000000000000E+00,.000000000000E+00,-.111758708954E-07,.920000000000E+02,.151206000000E+06,.000000000000E+00
01,17 11 20 20 00 00.0,-.116270966828E-04,-.238742359215E-11,.000000000000E+00,.152000000000E+03,-.303437500000E+02,.416624496940E-08,.304961561753E+00,-.156275928020E-05,.711681041867E-02,.103004276752E-04,.515367985153E+04,.158400000000E+06,.484287738800E-07,.634772659618E+00,.130385160446E-06,.969301643418E+00,.188250000000E+03,.630530293740E+00,-.778639576321E-08,.437161066656E-09,.100000000000E+01,.197600000000E+04,.000000000000E+00,.100000000000E+01,.000000000000E+00,.558793544769E-08,.152000000000E+03,.151206000000E+06,.000000000000E+00
28,17 11 20 20 00 00.0,.664220191538E-03,.318323145621E-11,.000000000000E+00,.470000000000E+02,.160312500000E+02,.398516599816E-08,-.287600555388E+01,.879168510437E-06,.200077627087E-01,.992789864540E-06,.515366584778E+04,.158400000000E+06,.260770320892E-06,-.138056407152E+01,.912696123123E-07,.987125407198E+00,.373781250000E+03,-.155050827020E+01,-.776389482595E-08,.421446126351E-10,.100000000000E+01,.197600000000E+04,.000000000000E+00,.100000000000E+01,.000000000000E+00,-.111758708954E-07,.470000000000E+02,.151206000000E+06,.000000000000E+00
19,17 11 20 20 00 00.0,-.474508851767E-03,.216004991671E-11,.000000000000E+00,.710000000000E+02,-.106500000000E+03,.391623455546E-08,-.815213737313E+00,-.531412661076E-05,.982509599999E-02,.745803117752E-05,.515369062805E+04,.158400000000E+06,-.391155481339E-07,-.321211235920E+00,.176951289177E-06,.979118250902E+00,.245468750000E+03,.109510433567E+01,-.793068748782E-08,-.125362364703E-09,.100000000000E+01,.197600000000E+04,.000000000000E+00,.000000000000E+00,.000000000000E+00,-.153668224812E-07,.710000000000E+02,.151206000000E+06,.000000000000E+00
13,17 11 20 19 59 44.0,-.941352918744E-04,-.341060513165E-12,.000000000000E+00,.470000000000E+02,.490625000000E+01,.436375319641E-08,.984994162309E+00,.255182385445E-06,.361562264152E-02,.966899096966E-05,.515366190147E+04,.158384000000E+06,-.670552253723E-07,.284157934641E+01,-.167638063431E-07,.969306909924E+00,.197687500000E+03,.167517548347E+01,-.781103964687E-08,-.473591155544E-09,.100000000000E+01,.197600000000E+04,.000000000000E+00,.000000000000E+00,.000000000000E+00,-.116415321827E-07,.470000000000E+02,.153456000000E+06,.000000000000E+00
06,17 11 20 20 00 00.0,.410594977438E-03,.147792889038E-11,.000000000000E+00,.640000000000E+02,-.204687500000E+02,.409445626482E-08,.602290621993E+00,-.107102096081E-05,.653304392472E-03,.105686485767E-04,.515379107475E+04,.158400000000E+06,-.242143869400E-07,.626430653077E+00,-.335276126862E-07,.969055470879E+00,.176093750000E+03,-.129069644484E+01,-.772425031746E-08,.470376735936E-09,.100000000000E+01,.197600000000E+04,.000000000000E+00,.000000000000E+00,.000000000000E+00,.465661287308E-08,.640000000000E+02,.154926000000E+06,.000000000000E+00
09,17 11 20 22 00 00.0,.473986845464E-03,.466116034659E-11,.000000000000E+00,.710000000000E+02,-.131250000000E+02,.487448875631E-08,-.246898172757E+01,-.637024641037E-06,.102588708978E-02,.839680433273E-05,.515373088074E+04,.165600000000E+06,.000000000000E+00,.271270573748E+01,.372529029846E-08,.953299740761E+00,.215031250000E+03,.174031828196E+01,-.804819238237E-08,-.457519057505E-09,.100000000000E+01,.197600000000E+04,.000000000000E+00,.000000000000E+00,.000000000000E+00,.931322574615E-09,.710000000000E+02,.158406000000E+06,.000000000000E+00
13,17 11 20 22 00 00.0,-.941380858421E-04,-.341060513165E-12,.000000000000E+00,.500000000000E+02,.175000000000E+01,.431446542909E-08,.203758215604E+01,.633299350739E-07,.361581251491E-02,.976957380772E-05,.515366145897E+04,.165600000000E+06,.204890966415E-07,.284152330933E+01,-.316649675369E-07,.969303888998E+00,.196375000000E+03,.167510793616E+01,-.772817905253E-08,-.470019578202E-09,.100000000000E+01,.197600000000E+04,.000000000000E+00,.000000000000E+00,.000000000000E+00,-.116415321827E-07,.500000000000E+02,.158406000000E+06,.000000000000E+00
17,17 11 20 21 59 44.0,-.143234618008E-03,.250111042988E-11,.000000000000E+00,.420000000000E+02,-.124156250000E+03,.379194366396E-08,-.275035721411E+01,-.630319118500E-05,.121640994912E-01,.636465847492E-05,.515372058868E+04,.165584000000E+06,.126659870148E-06,-.368660386951E+00,-.689178705215E-07,.981716143252E+00,.266593750000E+03,-.183091014380E+01,-.756460081027E-08,-.156435087578E-09,.100000000000E+01,.197600000000E+04,.000000000000E+00,.000000000000E+00,.000000000000E+00,-.111758708954E-07,.420000000000E+02,.158406000000E+06,.000000000000E+00
11,17 11 20 22 00 00.0,-.727301929146E-03,-.170530256582E-11,.000000000000E+00,.450000000000E+02,-.900937500000E+02,.560487632274E-08,.712716681796E+00,-.480562448502E-05,.169039354660E-01,.100843608379E-04,.515374741554E+04,.165600000000E+06,-.175088644028E-06,.220461858413E+00,-.199303030968E-06,.903361147886E+00,.159468750000E+03,.172044945819E+01,-.876322216624E-08,.120719314158E-09,.100000000000E+01,.197600000000E+04,.000000000000E+00,.000000000000E+00,.000000000000E+00,-.121071934700E-07,.450000000000E+02,.158406000000E+06,.000000000000E+00
30,17 11 20 22 00 00.0,.126559752971E-03,-.272848410532E-11,.000000000000E+00,.380000000000E+02,.100843750000E+03,.470555314803E-08,.741105341509E+00,.525638461113E-05,.300228991546E-02,.864081084728E-05,.515360899353E+04,.165600000000E+06,.111758708954E-07,-.245636073831E+01,.000000000000E+00,.946396218641E+00,.201843750000E+03,-.306011517223E+01,-.813998192006E-08,-.110718897601E-10,.100000000000E+01,.197600000000E+04,.000000000000E+00,.000000000000E+00,.000000000000E+00,.372529029846E-08,.380000000000E+02,.158406000000E+06,.000000000000E+00
07,17 11 20 22 00 00.0,.276808626950E-03,-.522959453519E-11,.000000000000E+00,.930000000000E+02,.103312500000E+03,.441946980294E-08,.702352331451E+00,.556558370590E-05,.110704624094E-01,.918097794056E-05,.515371909904E+04,.165600000000E+06,-.521540641785E-07,-.249268802246E+01,.134110450745E-06,.960744290947E+00,.201531250000E+03,-.254608792632E+01,-.808890836407E-08,-.975040614355E-10,.100000000000E+01,.197600000000E+04,.000000000000E+00,.000000000000E+00,.000000000000E+00,-.111758708954E-07,.930000000000E+02,.158406000000E+06,.000000000000E+00
06,17 11 20 22 00 00.0,.410606153309E-03,.147792889038E-11,.000000000000E+00,.650000000000E+02,-.265937500000E+02,.398480884043E-08,.165098626177E+01,-.130012631416E-05,.654018134810E-03,.103786587715E-04,.515379322243E+04,.165600000000E+06,.465661287308E-07,.626375195315E+00,-.353902578354E-07,.969059145729E+00,.182625000000E+03,-.128928734459E+01,-.766139055624E-08,.471448209139E-09,.100000000000E+01,.197600000000E+04,.000000000000E+00,.000000000000E+00,.000000000000E+00,.465661287308E-08,.650000000000E+02,.158406000000E+06,.000000000000E+00
01,17 11 20 21 59 44.0,-.116452574730E-04,-.238742359215E-11,.000000000000E+00,.100000000000E+01,-.348125000000E+02,.407731269358E-08,.135263249910E+01,-.181049108505E-05,.711733335629E-02,.106692314148E-04,.515368220520E+04,.165584000000E+06,-.521540641785E-07,.634717119933E+00,.968575477600E-07,.969304526830E+00,.178343750000E+03,.630699745005E+00,-.775568019807E-08,.391087718945E-09,.100000000000E+01,.197600000000E+04,.000000000000E+00,.000000000000E+00,.000000000000E+00,.558793544769E-08,.100000000000E+01,.158406000000E+06,.000000000000E+00
19,17 11 20 22 00 00.0,-.474493484944E-03,.216004991671E-11,.000000000000E+00,.780000000000E+02,-.111625000000E+03,.389123351407E-08,.234983542522E+00,-.570900738239E-05,.982421671506E-02,.716745853424E-05,.515368919182E+04,.165600000000E+06,-.193715095520E-06,-.321268036640E+00,.124797224998E-06,.979117294154E+00,.253812500000E+03,.109507269276E+01,-.790318634229E-08,-.197508227010E-09,.100000000000E+01,.197600000000E+04,.000000000000E+00,.000000000000E+00,.000000000000E+00,-.153668224812E-07,.780000000000E+02,.158406000000E+06,.000000000000E+00
28,17 11 20 22 00 00.0,.664243008941E-03,.318323145621E-11,.000000000000E+00,.810000000000E+02,.250000000000E+02,.405266880992E-08,-.182587648846E+01,.161677598953E-05,.200084575918E-01,.123679637909E-05,.515366353798E+04,.165600000000E+06,.264495611191E-06,-.138061965070E+01,.394880771637E-06,.987124924435E+00,.369562500000E+03,-.155045538863E+01,-.794318800852E-08,-.367872466222E-10,.100000000000E+01,.197600000000E+04,.000000000000E+00,.100000000000E+01,.000000000000E+00,-.111758708954E-07,.810000000000E+02,.158406000000E+06,.000000000000E+00
02,17 11 20 22 00 00.0,.275751110166E-03,-.977706804406E-11,.000000000000E+00,.138000000000E+03,-.374062500000E+02,.443089885044E-08,.178055870666E+01,-.208429992199E-05,.173114468344E-01,.105295330286E-04,.515363191032E+04,.165600000000E+06,-.182539224625E-06,.577570369804E+00,-.458210706711E-06,.948346256257E+00,.170031250000E+03,-.193768398034E+01,-.788568561332E-08,.466448000860E-09,.100000000000E+01,.197600000000E+04,.000000000000E+00,.100000000000E+01,.000000000000E+00,-.204890966415E-07,.138000000000E+03,.159186000000E+06,.000000000000E+00
03,17 11 20 22 00 00.0,-.391360372305E-04,.557065504836E-11,.000000000000E+00,.960000000000E+02,.921875000000E+01,.495199198463E-08,.284734837995E+00,.435858964920E-06,.112573523074E-02,.562705099583E-05,.515360452461E+04,.165600000000E+06,.279396772385E-07,.167756902958E+01,.223517417908E-07,.959837076930E+00,.274468750000E+03,.595124389045E+00,-.813498171178E-08,.248224625266E-09,.100000000000E+01,.197600000000E+04,.000000000000E+00,.000000000000E+00,.000000000000E+00,.232830643654E-08,.960000000000E+02,.161616000000E+06,.000000000000E+00
24,17 11 20 22 00 00.0,-.424571335316E-04,-.454747350886E-12,.000000000000E+00,.500000000000E+01,.105250000000E+03,.476841290925E-08,.165290967867E+01,.557675957680E-05,.631706055719E-02,.914186239243E-05,.515367654228E+04,.165600000000E+06,-.502914190292E-07,-.254918700417E+01,.150874257088E-06,.943832102144E+00,.194125000000E+03,.476663790046E+00,-.816712590786E-08,-.457161899771E-10,.100000000000E+01,.197600000000E+04,.000000000000E+00,.000000000000E+00,.000000000000E+00,.279396772385E-08,.500000000000E+01,.163626000000E+06,.000000000000E+00
05,17 11 20 22 00 00.0,-.221249647439E-04,.113686837722E-11,.000000000000E+00,.950000000000E+02,.136250000000E+02,.521986028528E-08,-.198754215661E+01,.456348061562E-06,.528034474701E-02,.510178506374E-05,.515358570862E+04,.165600000000E+06,.577419996262E-07,.165831242239E+01,-.353902578354E-07,.946758959419E+00,.270718750000E+03,.628139209731E+00,-.830070290045E-08,.302155443130E-09,.100000000000E+01,.197600000000E+04,.000000000000E+00,.000000000000E+00,.000000000000E+00,-.107102096081E-07,.950000000000E+02,.164466000000E+06,.000000000000E+00
13,17 11 21 00 00 00.0,-.941404141486E-04,-.341060513165E-12,.000000000000E+00,.600000000000E+02,-.693750000000E+01,.432732310752E-08,.308799834693E+01,-.480562448502E-06,.361700996291E-02,.941753387451E-05,.515365871811E+04,.172800000000E+06,.279396772385E-07,.284146766139E+01,-.167638063431E-07,.969300512583E+00,.201937500000E+03,.167487959805E+01,-.772710757933E-08,-.464305054455E-09,.100000000000E+01,.197600000000E+04,.000000000000E+00,.000000000000E+00,.000000000000E+00,-.116415321827E-07,.600000000000E+02,.165606000000E+06,.000000000000E+00
17,17 11 21 00 00 00.0,-.143216457218E-03,.250111042988E-11,.000000000000E+00,.430000000000E+02,-.115812500000E+03,.395159317115E-08,-.169795179695E+01,-.591203570366E-05,.121650365181E-01,.615045428276E-05,.515371814156E+04,.172800000000E+06,.327825546265E-06,-.368714394960E+00,.169500708580E-06,.981713956190E+00,.271718750000E+03,-.183083404719E+01,-.775853745994E-08,-.309655755548E-09,.100000000000E+01,.197600000000E+04,.000000000000E+00,.000000000000E+00,.000000000000E+00,-.111758708954E-07,.430000000000E+02,.165606000000E+06,.000000000000E+00
24,17 11 21 00 00 00.0,-.424603931606E-04,-.454747350886E-12,.000000000000E+00,.460000000000E+02,.103500000000E+03,.468448084172E-08,.270308754265E+01,.540353357792E-05,.631748395972E-02,.939331948757E-05,.515367610550E+04,.172800000000E+06,-.102445483208E-06,-.254924574911E+01,-.949949026108E-07,.943832941859E+00,.188875000000E+03,.476666654439E+00,-.797854662421E-08,.567880797372E-10,.100000000000E+01,.197600000000E+04,.000000000000E+00,.000000000000E+00,.000000000000E+00,.279396772385E-08,.460000000000E+02,.165606000000E+06,.000000000000E+00
30,17 11 21 00 00 00.0,.126540195197E-03,-.272848410532E-11,.000000000000E+00,.390000000000E+02,.107750000000E+03,.470876756764E-08,.179081196301E+01,.569410622120E-05,.300291285384E-02,.933185219765E-05,.515361212158E+04,.172800000000E+06,.111758708954E-07,-.245641963247E+01,.689178705215E-07,.946396252288E+00,.191906250000E+03,-.305960094482E+01,-.814212486647E-08,.417874549009E-10,.100000000000E+01,.197600000000E+04,.000000000000E+00,.000000000000E+00,.000000000000E+00,.372529029846E-08,.390000000000E+02,.165606000000E+06,.000000000000E+00
06,17 11 21 00 00 00.0,.410616863519E-03,.147792889038E-11,.000000000000E+00,.660000000000E+02,-.380312500000E+02,.401873882517E-08,.270316686792E+01,-.183098018169E-05,.654852483422E-03,.103767961264E-04,.515379022026E+04,.172800000000E+06,-.149011611938E-07,.626320542159E+00,.745058059692E-08,.969062535310E+00,.183625000000E+03,-.129136301468E+01,-.761138847345E-08,.424303388225E-09,.100000000000E+01,.197600000000E+04,.000000000000E+00,.000000000000E+00,.000000000000E+00,.465661287308E-08,.660000000000E+02,.165606000000E+06,.000000000000E+00
02,17 11 20 23 59 44.0,.275681726635E-03,-.977706804406E-11,.000000000000E+00,.400000000000E+02,-.447812500000E+02,.432303721471E-08,.282847464182E+01,-.227428972721E-05,.173123562708E-01,.105090439320E-04,.515362972832E+04,.172784000000E+06,.137835741043E-06,.577516073600E+00,-.165775418282E-06,.948350893707E+00,.165500000000E+03,-.193772844134E+01,-.751567020069E-08,.391087718945E-09,.100000000000E+01,.197600000000E+04,.000000000000E+00,.000000000000E+00,.000000000000E+00,-.204890966415E-07,.400000000000E+02,.165606000000E+06,.000000000000E+00
19,17 11 21 00 00 00.0,-.474478118122E-03,.216004991671E-11,.000000000000E+00,.110000000000E+03,-.117906250000E+03,.399980946526E-08,.128512801540E+01,-.621937215328E-05,.982358132023E-02,.711716711521E-05,.515368862152E+04,.172800000000E+06,-.108033418655E-06,-.321324274137E+00,-.931322574615E-07,.979115050038E+00,.260593750000E+03,.109509607750E+01,-.792711591048E-08,-.359300680601E-09,.100000000000E+01,.197600000000E+04,.000000000000E+00,.000000000000E+00,.000000000000E+00,-.153668224812E-07,.110000000000E+03,.165606000000E+06,.000000000000E+00
28,17 11 21 00 00 00.0,.664265826344E-03,.318323145621E-11,.000000000000E+00,.930000000000E+02,.244687500000E+02,.437303929750E-08,-.775765525177E+00,.144541263580E-05,.200084018288E-01,.206008553505E-05,.515366072655E+04,.172800000000E+06,-.298023223877E-06,-.138068018625E+01,.726431608200E-07,.987122188779E+00,.358156250000E+03,-.155037959777E+01,-.857285709391E-08,.710743891050E-10,.100000000000E+01,.197600000000E+04,.000000000000E+00,.100000000000E+01,.000000000000E+00,-.111758708954E-07,.930000000000E+02,.165606000000E+06,.000000000000E+00
05,17 11 21 00 00 00.0,-.221165828407E-04,.113686837722E-11,.000000000000E+00,.980000000000E+02,.126875000000E+02,.513557106001E-08,-.937271261270E+00,.797212123871E-06,.528024777304E-02,.512786209583E-05,.515358600235E+04,.172800000000E+06,.707805156708E-07,.165825272070E+01,.149011611938E-07,.946760998727E+00,.268843750000E+03,.628107395651E+00,-.833213278106E-08,.285369029623E-09,.100000000000E+01,.197600000000E+04,.000000000000E+00,.000000000000E+00,.000000000000E+00,-.107102096081E-07,.980000000000E+02,.165606000000E+06,.000000000000E+00
12,17 11 21 00 00 00.0,.363929197192E-03,-.170530256582E-11,.000000000000E+00,.780000000000E+02,.255000000000E+02,.417053086221E-08,.116171761406E+01,.127218663692E-05,.660342420451E-02,.173039734364E-05,.515368880463E+04,.172800000000E+06,-.856816768646E-07,-.140398095879E+01,.119209289551E-06,.987833873554E+00,.359812500000E+03,.909325833551E+00,-.822498546080E-08,-.314298806093E-10,.100000000000E+01,.197600000000E+04,.000000000000E+00,.000000000000E+00,.000000000000E+00,-.125728547573E-07,.780000000000E+02,.167946000000E+06,.000000000000E+00
20,17 11 21 00 00 00.0,.493347179145E-03,.113686837722E-11,.000000000000E+00,.440000000000E+02,.193750000000E+02,.556201739464E-08,-.273270114317E+01,.953674316406E-06,.465414556675E-02,.510178506374E-05,.515375179863E+04,.172800000000E+06,.223517417908E-07,.157426017741E+01,.800937414169E-07,.927054997733E+00,.257375000000E+03,.172131064880E+01,-.847356724380E-08,.350371737246E-09,.100000000000E+01,.197600000000E+04,.000000000000E+00,.000000000000E+00,.000000000000E+00,-.838190317154E-08,.440000000000E+02,.171726000000E+06,.000000000000E+00
