prn,epoch_time,sv_clock_bias,sv_clock_drift,sv_clock_drift_rate,iode,correction_radius_sine,mean_motion,mean_anomaly,correction_latitude_cosine,essentricity,correction_latitude_sine,sqrt_semi_major_axis,time_of_ephemeris,correction_inclination_cosine,OMEGA,correction_inclination_sine,inclination,correction_radius_cosine,omega,OMEGA_dot,inclination_rate,codes,gps_week,l2_p_data_flag,sv_accuracy,sv_health,tgd,iodc,t_tx,fit_interval
24,2017-11-28 02:00:00,-.427588820457E-04,-.454747350886E-12,.000000000000E+00,.640000000000E+02,.291562500000E+02,.521593155020E-08,-.228398444711E+01,.134482979774E-05,.636306742672E-02,.513158738613E-05,.515366463280E+04,.180000000000E+06,.800937414169E-07,-.267467507980E+01,-.150874257088E-06,.943702525638E+00,.272250000000E+03,.481792928586E+00,-.847463871700E-08,.589310261424E-10,.100000000000E+01,.197700000000E+04,.000000000000E+00,.000000000000E+00,.000000000000E+00,.279396772385E-08,.640000000000E+02,.172806000000E+06,.000000000000E+00
13,2017-11-28 02:00:00,-.943467020988E-04,-.341060513165E-12,.000000000000E+00,.420000000000E+02,.497812500000E+02,.432339437244E-08,-.189171496008E+01,.267103314400E-05,.363572116476E-02,.899285078049E-05,.515366119576E+04,.180000000000E+06,.745058059692E-08,.271619712314E+01,.372529029846E-07,.969199132360E+00,.210156250000E+03,.167304571174E+01,-.789140013706E-08,.233224000430E-09,.100000000000E+01,.197700000000E+04,.000000000000E+00,.000000000000E+00,.000000000000E+00,-.116415321827E-07,.420000000000E+02,.172806000000E+06,.000000000000E+00
05,2017-11-28 02:00:00,-.214087776840E-04,.113686837722E-11,.000000000000E+00,.930000000000E+02,-.562812500000E+02,.477484174847E-08,.365472071104E+00,-.281259417534E-05,.527913914993E-02,.876747071743E-05,.515359811592E+04,.180000000000E+06,-.167638063431E-07,.153285144731E+01,.124797224998E-06,.946882172232E+00,.202562500000E+03,.630562808558E+00,-.820284168128E-08,-.121790787361E-09,.100000000000E+01,.197700000000E+04,.000000000000E+00,.000000000000E+00,.000000000000E+00,-.107102096081E-07,.930000000000E+02,.172806000000E+06,.000000000000E+00
02,2017-11-28 02:00:00,.269697513431E-03,-.977706804406E-11,.000000000000E+00,.370000000000E+02,-.221250000000E+02,.489091801208E-08,-.215213413490E+01,-.107288360596E-05,.173519195523E-01,.413320958614E-05,.515362789536E+04,.180000000000E+06,.270083546638E-06,.452108527221E+00,-.800937414169E-07,.948408155246E+00,.291531250000E+03,-.193477984218E+01,-.810390898891E-08,.209294432239E-09,.100000000000E+01,.197700000000E+04,.000000000000E+00,.000000000000E+00,.000000000000E+00,-.204890966415E-07,.370000000000E+02,.172806000000E+06,.000000000000E+00
17,2017-11-28 02:00:00,-.141701195389E-03,.238742359215E-11,.000000000000E+00,.770000000000E+02,.212187500000E+02,.416231623432E-08,-.403725616061E+00,.119209289551E-05,.121879081707E-01,.837631523609E-05,.515371961403E+04,.180000000000E+06,-.894069671631E-07,-.494028930471E+00,.726431608200E-07,.981710748010E+00,.232781250000E+03,-.182691503302E+01,-.813855328913E-08,.210008747707E-09,.100000000000E+01,.197700000000E+04,.000000000000E+00,.000000000000E+00,.000000000000E+00,-.111758708954E-07,.770000000000E+02,.172806000000E+06,.000000000000E+00
06,2017-11-28 02:00:00,.411494169384E-03,.136424205266E-11,.000000000000E+00,.430000000000E+02,-.196250000000E+02,.458947688442E-08,-.228174074185E+01,-.106170773506E-05,.675503164530E-03,.481493771076E-05,.515378791618E+04,.180000000000E+06,.968575477600E-07,.501062947809E+00,.279396772385E-07,.969122002930E+00,.293406250000E+03,-.129518612433E+01,-.819784147300E-08,.460733477113E-10,.100000000000E+01,.197700000000E+04,.000000000000E+00,.000000000000E+00,.000000000000E+00,.465661287308E-08,.430000000000E+02,.172806000000E+06,.000000000000E+00
20,2017-11-28 02:00:00,.494014937431E-03,.113686837722E-11,.000000000000E+00,.780000000000E+02,-.508437500000E+02,.518807324693E-08,-.144267574910E+01,-.245310366154E-05,.465327512939E-02,.835396349430E-05,.515376168442E+04,.180000000000E+06,-.651925802231E-07,.144872630805E+01,.949949026108E-07,.927183124487E+00,.200343750000E+03,.172825705490E+01,-.842427947648E-08,-.835749098019E-10,.100000000000E+01,.197700000000E+04,.000000000000E+00,.000000000000E+00,.000000000000E+00,-.838190317154E-08,.780000000000E+02,.172806000000E+06,.000000000000E+00
12,2017-11-28 02:00:00,.362894497812E-03,-.170530256582E-11,.000000000000E+00,.115000000000E+03,-.145937500000E+02,.380944439294E-08,.246301621536E+01,-.907108187675E-06,.661041296553E-02,.819563865662E-05,.515368879509E+04,.180000000000E+06,-.521540641785E-07,-.152922314715E+01,-.968575477600E-07,.987859171797E+00,.234031250000E+03,.907704948115E+00,-.767960560068E-08,-.258225041824E-09,.100000000000E+01,.197700000000E+04,.000000000000E+00,.100000000000E+01,.000000000000E+00,-.125728547573E-07,.115000000000E+03,.172806000000E+06,.000000000000E+00
19,2017-11-28 02:00:00,-.473143532872E-03,.216004991671E-11,.000000000000E+00,.400000000000E+02,.157500000000E+02,.409338479162E-08,.258309802164E+01,.676140189171E-06,.980921043083E-02,.801123678684E-05,.515368788910E+04,.180000000000E+06,.204890966415E-07,-.446650436921E+00,-.163912773132E-06,.979113983570E+00,.231718750000E+03,.109691910750E+01,-.775139430526E-08,.144648882349E-09,.100000000000E+01,.197700000000E+04,.000000000000E+00,.000000000000E+00,.000000000000E+00,-.153668224812E-07,.400000000000E+02,.172806000000E+06,.000000000000E+00
15,2017-11-28 02:00:00,-.357298180461E-03,-.113686837722E-12,.000000000000E+00,.820000000000E+02,.397500000000E+02,.519021619334E-08,-.122242601381E+01,.209361314774E-05,.996799778659E-02,.904314219952E-05,.515365395355E+04,.180000000000E+06,.203028321266E-06,.252108703378E+01,-.409781932831E-07,.928749862937E+00,.182718750000E+03,.639733087131E+00,-.832820404598E-08,.217151902391E-09,.100000000000E+01,.197700000000E+04,.000000000000E+00,.000000000000E+00,.000000000000E+00,-.107102096081E-07,.820000000000E+02,.172986000000E+06,.000000000000E+00
25,2017-11-28 02:00:00,-.496729742736E-03,-.625277607469E-11,.000000000000E+00,.800000000000E+02,-.149062500000E+02,.415517307964E-08,.202858040124E+01,-.847503542900E-06,.672917650081E-02,.795349478722E-05,.515372553062E+04,.180000000000E+06,-.156462192535E-06,-.158679142981E+01,-.689178705215E-07,.975635032715E+00,.233875000000E+03,.805152420207E+00,-.790318634229E-08,-.237867050975E-09,.100000000000E+01,.197700000000E+04,.000000000000E+00,.000000000000E+00,.000000000000E+00,.558793544769E-08,.800000000000E+02,.173526000000E+06,.000000000000E+00
29,2017-11-28 02:00:00,.532574951649E-03,-.500222085975E-11,.000000000000E+00,.104000000000E+03,.233750000000E+02,.396302221864E-08,.865535464043E+00,.113993883133E-05,.428962754086E-03,.787898898125E-05,.515377394485E+04,.180000000000E+06,-.353902578354E-07,-.483678091637E+00,.298023223877E-07,.982912410864E+00,.238843750000E+03,.957896055278E+00,-.784532678935E-08,.155720772109E-09,.100000000000E+01,.197700000000E+04,.000000000000E+00,.000000000000E+00,.000000000000E+00,-.102445483208E-07,.104000000000E+03,.176136000000E+06,.000000000000E+00
15,2017-11-28 04:00:00,-.357298646122E-03,-.113686837722E-12,.000000000000E+00,.830000000000E+02,.359062500000E+02,.523378943691E-08,-.172247165277E+00,.202283263206E-05,.996730651241E-02,.957027077675E-05,.515365270805E+04,.187200000000E+06,.745058059692E-07,.252102658016E+01,.894069671631E-07,.928750614877E+00,.177562500000E+03,.639752081659E+00,-.848535344903E-08,.185364864048E-09,.100000000000E+01,.197700000000E+04,.000000000000E+00,.000000000000E+00,.000000000000E+00,-.107102096081E-07,.830000000000E+02,.180006000000E+06,.000000000000E+00
20,2017-11-28 04:00:00,.494022853673E-03,.113686837722E-11,.000000000000E+00,.790000000000E+02,-.645937500000E+02,.522986070183E-08,-.392848489522E+00,-.322423875332E-05,.465192389674E-02,.824965536594E-05,.515375798798E+04,.187200000000E+06,-.158324837685E-06,.144866568765E+01,.353902578354E-07,.927182474952E+00,.204156250000E+03,.172856264240E+01,-.842463663422E-08,-.119647840956E-09,.100000000000E+01,.197700000000E+04,.000000000000E+00,.000000000000E+00,.000000000000E+00,-.838190317154E-08,.790000000000E+02,.180006000000E+06,.000000000000E+00
05,2017-11-28 04:00:00,-.214003957808E-04,.113686837722E-11,.000000000000E+00,.970000000000E+02,-.634375000000E+02,.479377110838E-08,.141551751613E+01,-.315904617310E-05,.527925335336E-02,.931695103645E-05,.515359968567E+04,.187200000000E+06,-.707805156708E-07,.153279324219E+01,-.502914190292E-07,.946880756127E+00,.196062500000E+03,.630746106341E+00,-.818569811004E-08,-.268582616115E-09,.100000000000E+01,.197700000000E+04,.000000000000E+00,.100000000000E+01,.000000000000E+00,-.107102096081E-07,.970000000000E+02,.180006000000E+06,.000000000000E+00
02,2017-11-28 04:00:00,.269626732916E-03,-.977706804406E-11,.000000000000E+00,.380000000000E+02,-.918750000000E+01,.520414534497E-08,-.110203086949E+01,-.227242708206E-06,.173522736877E-01,.462494790554E-05,.515362422371E+04,.187200000000E+06,.614672899246E-07,.452049906630E+00,.480562448502E-06,.948406721587E+00,.285718750000E+03,-.193466999313E+01,-.865357474184E-08,.221437795202E-10,.100000000000E+01,.197700000000E+04,.000000000000E+00,.000000000000E+00,.000000000000E+00,-.204890966415E-07,.380000000000E+02,.180006000000E+06,.000000000000E+00
12,2017-11-28 03:59:44,.362880993634E-03,-.170530256582E-11,.000000000000E+00,.430000000000E+02,-.300937500000E+02,.394266422779E-08,-.277227027719E+01,-.152178108692E-05,.661253498401E-02,.831671059132E-05,.515368476868E+04,.187184000000E+06,.521540641785E-07,-.152927875559E+01,-.122934579849E-06,.987857313891E+00,.231656250000E+03,.907640963004E+00,-.772639326386E-08,-.201079804352E-09,.100000000000E+01,.197700000000E+04,.000000000000E+00,.000000000000E+00,.000000000000E+00,-.125728547573E-07,.430000000000E+02,.180006000000E+06,.000000000000E+00
25,2017-11-28 04:00:00,-.496774911880E-03,-.625277607469E-11,.000000000000E+00,.830000000000E+02,-.241250000000E+02,.415695886831E-08,.307877877241E+01,-.131875276566E-05,.673042889684E-02,.821799039841E-05,.515372321320E+04,.187200000000E+06,-.484287738800E-07,-.158684799354E+01,-.102445483208E-06,.975633651721E+00,.228500000000E+03,.805100793828E+00,-.783711216146E-08,-.227866634417E-09,.100000000000E+01,.197700000000E+04,.000000000000E+00,.000000000000E+00,.000000000000E+00,.558793544769E-08,.830000000000E+02,.180006000000E+06,.000000000000E+00
24,2017-11-28 04:00:00,-.427621416748E-04,-.454747350886E-12,.000000000000E+00,.650000000000E+02,.340000000000E+02,.523093217504E-08,-.123402699953E+01,.168941915035E-05,.636344926897E-02,.449456274509E-05,.515366172218E+04,.187200000000E+06,.117346644402E-06,-.267473617857E+01,-.838190317154E-07,.943703085936E+00,.282156250000E+03,.482028023911E+00,-.849071081504E-08,.764317551180E-10,.100000000000E+01,.197700000000E+04,.000000000000E+00,.000000000000E+00,.000000000000E+00,.279396772385E-08,.650000000000E+02,.180006000000E+06,.000000000000E+00
29,2017-11-28 04:00:00,.532539561391E-03,-.500222085975E-11,.000000000000E+00,.105000000000E+03,.197812500000E+02,.393016370709E-08,.191462991577E+01,.944361090660E-06,.429388019256E-03,.810995697975E-05,.515377489853E+04,.187200000000E+06,-.596046447754E-07,-.483734648050E+00,-.223517417908E-07,.982913746509E+00,.233718750000E+03,.958916472823E+00,-.780711091179E-08,.181436128972E-09,.100000000000E+01,.197700000000E+04,.000000000000E+00,.100000000000E+01,.000000000000E+00,-.102445483208E-07,.105000000000E+03,.180006000000E+06,.000000000000E+00
18,2017-11-28 04:00:00,.633098650724E-03,.341060513165E-12,.000000000000E+00,.830000000000E+02,-.596250000000E+02,.510092675979E-08,.217211567798E+01,-.324659049511E-05,.181954437867E-01,.832416117191E-05,.515364325905E+04,.187200000000E+06,.221654772758E-06,.149976854827E+01,-.273808836937E-06,.925774296341E+00,.197218750000E+03,-.177050306714E+01,-.811462372094E-08,-.137862885400E-09,.100000000000E+01,.197700000000E+04,.000000000000E+00,.000000000000E+00,.000000000000E+00,-.111758708954E-07,.830000000000E+02,.180156000000E+06,.000000000000E+00
21,2017-11-28 04:00:00,-.458002556115E-03,.363797880709E-11,.000000000000E+00,.510000000000E+02,-.231250000000E+02,.500806574890E-08,.308870310333E+01,-.125542283058E-05,.241272684652E-01,.435858964920E-05,.515356270218E+04,.187200000000E+06,.406056642532E-06,.460143530162E+00,-.782310962677E-07,.941861768003E+00,.280968750000E+03,-.162203969045E+01,-.808033657845E-08,.578595529398E-10,.100000000000E+01,.197700000000E+04,.000000000000E+00,.000000000000E+00,.000000000000E+00,-.977888703346E-08,.510000000000E+02,.186126000000E+06,.000000000000E+00
15,2017-11-28 06:00:00,-.357299577445E-03,-.113686837722E-12,.000000000000E+00,.840000000000E+02,.439687500000E+02,.515235747351E-08,.877837878020E+00,.249035656452E-05,.996879045852E-02,.102389603853E-04,.515365613365E+04,.194400000000E+06,-.689178705215E-07,.252096633865E+01,.949949026108E-07,.928751832025E+00,.165125000000E+03,.639864919457E+00,-.841142179805E-08,.867893294096E-10,.100000000000E+01,.197700000000E+04,.000000000000E+00,.000000000000E+00,.000000000000E+00,-.107102096081E-07,.840000000000E+02,.187206000000E+06,.000000000000E+00
20,2017-11-28 06:00:00,.494030769914E-03,.113686837722E-11,.000000000000E+00,.800000000000E+02,-.738125000000E+02,.530914971882E-08,.657173608799E+00,-.384822487831E-05,.465303461533E-02,.868737697601E-05,.515376020241E+04,.194400000000E+06,.372529029846E-07,.144860595232E+01,-.149011611938E-06,.927180627286E+00,.200156250000E+03,.172867441665E+01,-.849928260066E-08,-.331799535068E-09,.100000000000E+01,.197700000000E+04,.000000000000E+00,.000000000000E+00,.000000000000E+00,-.838190317154E-08,.800000000000E+02,.187206000000E+06,.000000000000E+00
02,2017-11-28 06:00:00,.269555952400E-03,-.977706804406E-11,.000000000000E+00,.710000000000E+02,-.114375000000E+02,.528772025477E-08,-.518312197326E-01,-.528991222382E-06,.173519687960E-01,.484474003315E-05,.515362340546E+04,.194400000000E+06,-.182539224625E-06,.451985933223E+00,.227242708206E-06,.948406300266E+00,.283625000000E+03,-.193465242640E+01,-.887036948649E-08,.600024993449E-10,.100000000000E+01,.197700000000E+04,.000000000000E+00,.000000000000E+00,.000000000000E+00,-.204890966415E-07,.710000000000E+02,.187206000000E+06,.000000000000E+00
21,2017-11-28 06:00:00,-.457976479083E-03,.363797880709E-11,.000000000000E+00,.520000000000E+02,-.106562500000E+02,.500592280249E-08,-.214427271450E+01,-.379979610443E-06,.241289823316E-01,.382214784622E-05,.515355902100E+04,.194400000000E+06,.381842255592E-06,.460084971014E+00,.147148966789E-06,.941862803749E+00,.288937500000E+03,-.162199574147E+01,-.808783689087E-08,.156792245312E-09,.100000000000E+01,.197700000000E+04,.000000000000E+00,.000000000000E+00,.000000000000E+00,-.977888703346E-08,.520000000000E+02,.187206000000E+06,.000000000000E+00
12,2017-11-28 06:00:00,.362868420780E-03,-.170530256582E-11,.000000000000E+00,.460000000000E+02,-.334375000000E+02,.395052169794E-08,-.171965332939E+01,-.168383121490E-05,.661195814610E-02,.871904194355E-05,.515368653679E+04,.194400000000E+06,.130385160446E-06,-.152933452349E+01,-.707805156708E-07,.987855932896E+00,.225625000000E+03,.907527222586E+00,-.775389440940E-08,-.202865593023E-09,.100000000000E+01,.197700000000E+04,.000000000000E+00,.000000000000E+00,.000000000000E+00,-.125728547573E-07,.460000000000E+02,.187206000000E+06,.000000000000E+00
25,2017-11-28 06:00:00,-.496819615364E-03,-.625277607469E-11,.000000000000E+00,.122000000000E+03,-.331875000000E+02,.421624705218E-08,-.215426607029E+01,-.175274908543E-05,.673147919588E-02,.813975930214E-05,.515372140121E+04,.194400000000E+06,.465661287308E-07,-.158690488350E+01,-.102445483208E-06,.975632177099E+00,.230562500000E+03,.805109844902E+00,-.787318509262E-08,-.178578867098E-09,.100000000000E+01,.197700000000E+04,.000000000000E+00,.000000000000E+00,.000000000000E+00,.558793544769E-08,.122000000000E+03,.187206000000E+06,.000000000000E+00
24,2017-11-28 06:00:00,-.427658669651E-04,-.454747350886E-12,.000000000000E+00,.680000000000E+02,.348125000000E+02,.528021994235E-08,-.183834797480E+00,.182911753654E-05,.636356452014E-02,.455044209957E-05,.515366187286E+04,.194400000000E+06,.726431608200E-07,-.267479761528E+01,.100582838058E-06,.943702750928E+00,.283281250000E+03,.482029241058E+00,-.864178853661E-08,.203579908492E-10,.100000000000E+01,.197700000000E+04,.000000000000E+00,.000000000000E+00,.000000000000E+00,.279396772385E-08,.680000000000E+02,.187206000000E+06,.000000000000E+00
18,2017-11-28 06:00:00,.633100979030E-03,.341060513165E-12,.000000000000E+00,.880000000000E+02,-.699062500000E+02,.513307095587E-08,-.306082554477E+01,-.354833900928E-05,.181966187665E-01,.828877091408E-05,.515364074326E+04,.194400000000E+06,.182539224625E-06,.149971109070E+01,-.894069671631E-07,.925773317649E+00,.198031250000E+03,-.177054269028E+01,-.801604818630E-08,-.182150444440E-09,.100000000000E+01,.197700000000E+04,.000000000000E+00,.000000000000E+00,.000000000000E+00,-.111758708954E-07,.880000000000E+02,.187206000000E+06,.000000000000E+00
29,2017-11-28 06:00:00,.532503705472E-03,-.500222085975E-11,.000000000000E+00,.106000000000E+03,.184375000000E+02,.403266797681E-08,.296729987826E+01,.951811671257E-06,.430268933997E-03,.853091478348E-05,.515377229691E+04,.194400000000E+06,-.521540641785E-07,-.483791115225E+00,-.106170773506E-06,.982914919769E+00,.223093750000E+03,.956362868855E+00,-.785497004817E-08,.207508643568E-09,.100000000000E+01,.197700000000E+04,.000000000000E+00,.100000000000E+01,.000000000000E+00,-.102445483208E-07,.106000000000E+03,.187206000000E+06,.000000000000E+00
13,2017-11-28 06:00:00,-.943513587117E-04,-.341060513165E-12,.000000000000E+00,.440000000000E+02,.553750000000E+02,.428482133715E-08,.208683433897E+00,.283122062683E-05,.363716739230E-02,.965781509876E-05,.515366320229E+04,.194400000000E+06,-.186264514923E-08,.271608231040E+01,-.391155481339E-07,.969202435629E+00,.197000000000E+03,.167302175646E+01,-.798533262116E-08,.267868300647E-09,.100000000000E+01,.197700000000E+04,.000000000000E+00,.000000000000E+00,.000000000000E+00,-.116415321827E-07,.440000000000E+02,.187236000000E+06,.000000000000E+00
10,2017-11-28 06:00:00,.119405798614E-03,.727595761418E-11,.000000000000E+00,.900000000000E+02,-.557812500000E+02,.443911347832E-08,-.245028665563E+01,-.291503965855E-05,.299836695194E-02,.926107168198E-05,.515366881752E+04,.194400000000E+06,-.353902578354E-07,.154850953204E+01,.130385160446E-07,.960087129128E+00,.201968750000E+03,-.289258078584E+01,-.792783022595E-08,-.146077513286E-09,.100000000000E+01,.197700000000E+04,.000000000000E+00,.000000000000E+00,.000000000000E+00,.186264514923E-08,.900000000000E+02,.188046000000E+06,.000000000000E+00
32,2017-11-28 06:00:00,-.526600051671E-03,-.250111042988E-11,.000000000000E+00,.820000000000E+02,.462500000000E+02,.443875632059E-08,.244965854737E+01,.254251062870E-05,.149461661931E-02,.957772135735E-05,.515361242867E+04,.194400000000E+06,-.707805156708E-07,.259123681423E+01,-.596046447754E-07,.957664002824E+00,.190437500000E+03,-.265064454960E+01,-.797676083554E-08,.227152318949E-09,.100000000000E+01,.197700000000E+04,.000000000000E+00,.000000000000E+00,.000000000000E+00,.465661287308E-09,.820000000000E+02,.189096000000E+06,.000000000000E+00
26,2017-11-28 05:59:44,-.345885753632E-03,.144382283906E-10,.000000000000E+00,.510000000000E+02,-.212500000000E+02,.463555023213E-08,-.262867526804E+01,-.104680657387E-05,.229434890207E-02,.781379640102E-05,.515357224655E+04,.194384000000E+06,-.689178705215E-07,-.160562474897E+01,.111758708954E-07,.957289634773E+00,.230281250000E+03,-.864230090538E-01,-.814033907780E-08,-.203937066226E-09,.100000000000E+01,.197700000000E+04,.000000000000E+00,.000000000000E+00,.000000000000E+00,.745058059692E-08,.510000000000E+02,.191106000000E+06,.000000000000E+00
14,2017-11-28 06:00:00,-.894912518561E-04,-.795807864051E-12,.000000000000E+00,.440000000000E+02,.473125000000E+02,.442411285349E-08,.140345589116E+01,.247918069363E-05,.925683905371E-02,.934489071369E-05,.515372033310E+04,.194400000000E+06,-.257045030594E-06,.267540724396E+01,-.838190317154E-07,.961709841749E+00,.198843750000E+03,-.195204964862E+01,-.808890836407E-08,.208222959036E-09,.100000000000E+01,.197700000000E+04,.000000000000E+00,.000000000000E+00,.000000000000E+00,-.977888703346E-08,.440000000000E+02,.192636000000E+06,.000000000000E+00
15,2017-11-28 08:00:00,-.357300043106E-03,-.113686837722E-12,.000000000000E+00,.850000000000E+02,.463437500000E+02,.516271504780E-08,.192799582291E+01,.237673521042E-05,.996946322266E-02,.108219683170E-04,.515365704727E+04,.201600000000E+06,-.165775418282E-06,.252090554124E+01,.130385160446E-07,.928752727330E+00,.155781250000E+03,.639902400881E+00,-.834677624816E-08,.140005831805E-09,.100000000000E+01,.197700000000E+04,.000000000000E+00,.100000000000E+01,.000000000000E+00,-.107102096081E-07,.850000000000E+02,.194406000000E+06,.000000000000E+00
20,2017-11-28 08:00:00,.494038220495E-03,.113686837722E-11,.000000000000E+00,.820000000000E+02,-.757187500000E+02,.540058209878E-08,.170742402328E+01,-.407360494137E-05,.465309130959E-02,.860355794430E-05,.515375930977E+04,.201600000000E+06,.111758708954E-06,.144854479503E+01,-.800937414169E-07,.927178226638E+00,.195250000000E+03,.172855798739E+01,-.848178187169E-08,-.352871841386E-09,.100000000000E+01,.197700000000E+04,.000000000000E+00,.000000000000E+00,.000000000000E+00,-.838190317154E-08,.820000000000E+02,.194406000000E+06,.000000000000E+00
21,2017-11-28 08:00:00,-.457950402051E-03,.363797880709E-11,.000000000000E+00,.820000000000E+02,-.418750000000E+01,.541736851229E-08,-.109409212217E+01,.104308128357E-06,.241292688297E-01,.494904816151E-05,.515355550003E+04,.201600000000E+06,-.378116965294E-06,.460024589071E+00,.465661287308E-06,.941859911560E+00,.277062500000E+03,-.162191960536E+01,-.891751430741E-08,.792890169915E-10,.100000000000E+01,.197700000000E+04,.000000000000E+00,.000000000000E+00,.000000000000E+00,-.977888703346E-08,.820000000000E+02,.194406000000E+06,.000000000000E+00
25,2017-11-28 08:00:00,-.496864784509E-03,-.625277607469E-11,.000000000000E+00,.135000000000E+03,-.359687500000E+02,.425053419467E-08,-.110405350735E+01,-.178255140781E-05,.673120596912E-02,.835023820400E-05,.515372223854E+04,.201600000000E+06,.167638063431E-06,-.158696125851E+01,.502914190292E-07,.975630085126E+00,.226656250000E+03,.805045969510E+00,-.800819071614E-08,-.283226083217E-09,.100000000000E+01,.197700000000E+04,.000000000000E+00,.000000000000E+00,.000000000000E+00,.558793544769E-08,.135000000000E+03,.194406000000E+06,.000000000000E+00
32,2017-11-28 08:00:00,-.526618678123E-03,-.250111042988E-11,.000000000000E+00,.127000000000E+03,.425625000000E+02,.440589780904E-08,-.278303779606E+01,.229850411415E-05,.149592338130E-02,.101644545794E-04,.515360987473E+04,.201600000000E+06,.558793544769E-08,.259117981455E+01,-.260770320892E-07,.957665928024E+00,.181062500000E+03,-.265091494660E+01,-.790247202682E-08,.217866217860E-09,.100000000000E+01,.197700000000E+04,.000000000000E+00,.000000000000E+00,.000000000000E+00,.465661287308E-09,.127000000000E+03,.194406000000E+06,.000000000000E+00
24,2017-11-28 08:00:00,-.427691265941E-04,-.454747350886E-12,.000000000000E+00,.690000000000E+02,.419375000000E+02,.520914555325E-08,.866291636158E+00,.213831663132E-05,.636451144237E-02,.460818409920E-05,.515366385078E+04,.201600000000E+06,-.502914190292E-07,-.267485939724E+01,.987201929092E-07,.943702863572E+00,.281500000000E+03,.482095520025E+00,-.859785813530E-08,-.442875590403E-10,.100000000000E+01,.197700000000E+04,.000000000000E+00,.000000000000E+00,.000000000000E+00,.279396772385E-08,.690000000000E+02,.194406000000E+06,.000000000000E+00
29,2017-11-28 08:00:00,.532468315214E-03,-.500222085975E-11,.000000000000E+00,.107000000000E+03,.251875000000E+02,.408267005960E-08,-.226498883036E+01,.141188502312E-05,.428939587437E-03,.913254916668E-05,.515377486610E+04,.201600000000E+06,.856816768646E-07,-.483848629849E+00,.745058059692E-08,.982916799619E+00,.215718750000E+03,.955583036966E+00,-.790461497323E-08,.346443002170E-09,.100000000000E+01,.197700000000E+04,.000000000000E+00,.100000000000E+01,.000000000000E+00,-.102445483208E-07,.107000000000E+03,.194406000000E+06,.000000000000E+00
18,2017-11-28 08:00:00,.633103307337E-03,.341060513165E-12,.000000000000E+00,.890000000000E+02,-.695625000000E+02,.518985903560E-08,-.201061922410E+01,-.352039933205E-05,.181962598581E-01,.846944749355E-05,.515364130783E+04,.201600000000E+06,.400468707085E-06,.149965385696E+01,.931322574615E-08,.925771572388E+00,.194500000000E+03,-.177054426877E+01,-.812498129523E-08,-.285369029623E-09,.100000000000E+01,.197700000000E+04,.000000000000E+00,.000000000000E+00,.000000000000E+00,-.111758708954E-07,.890000000000E+02,.194406000000E+06,.000000000000E+00
14,2017-11-28 08:00:00,-.894973054528E-04,-.795807864051E-12,.000000000000E+00,.450000000000E+02,.481250000000E+02,.430375069706E-08,.245378131092E+01,.251084566116E-05,.925742543768E-02,.986829400063E-05,.515371712685E+04,.201600000000E+06,.856816768646E-07,.267535021503E+01,-.149011611938E-06,.961712985560E+00,.186625000000E+03,-.195222276303E+01,-.774853704338E-08,.225723688012E-09,.100000000000E+01,.197700000000E+04,.000000000000E+00,.000000000000E+00,.000000000000E+00,-.977888703346E-08,.450000000000E+02,.194406000000E+06,.000000000000E+00
10,2017-11-28 08:00:00,.119457952678E-03,.727595761418E-11,.000000000000E+00,.109000000000E+03,-.627187500000E+02,.445411410316E-08,-.140007970152E+01,-.327453017235E-05,.299883703701E-02,.935234129429E-05,.515366863060E+04,.201600000000E+06,-.260770320892E-07,.154845320823E+01,-.171363353729E-06,.960085676451E+00,.201156250000E+03,-.289260416473E+01,-.792854454142E-08,-.290012080167E-09,.100000000000E+01,.197700000000E+04,.000000000000E+00,.000000000000E+00,.000000000000E+00,.186264514923E-08,.109000000000E+03,.194406000000E+06,.000000000000E+00
27,2017-11-28 07:59:44,.351632013917E-03,.329691829393E-11,.000000000000E+00,.800000000000E+02,.213125000000E+02,.411552857114E-08,.282372943004E+01,.119768083096E-05,.509976397734E-02,.890530645847E-05,.515367829323E+04,.201584000000E+06,-.949949026108E-07,-.547215419456E+00,-.912696123123E-07,.976513702275E+00,.216000000000E+03,.366942470547E+00,-.778175271266E-08,.281797452281E-09,.100000000000E+01,.197700000000E+04,.000000000000E+00,.000000000000E+00,.000000000000E+00,.186264514923E-08,.800000000000E+02,.195546000000E+06,.000000000000E+00
31,2017-11-28 08:00:00,.159159302711E-03,-.250111042988E-11,.000000000000E+00,.450000000000E+02,.314062500000E+02,.470305304389E-08,-.295518289500E+00,.164471566677E-05,.876832834911E-02,.447034835815E-05,.515355933762E+04,.201600000000E+06,.130385160446E-06,-.260649490935E+01,-.763684511185E-07,.965322361414E+00,.291125000000E+03,-.211777815773E+00,-.839606401548E-08,.403588239642E-10,.100000000000E+01,.197700000000E+04,.000000000000E+00,.000000000000E+00,.000000000000E+00,-.135041773319E-07,.450000000000E+02,.198546000000E+06,.000000000000E+00
08,2017-11-28 08:00:00,-.821971334517E-04,-.136424205266E-11,.000000000000E+00,.147000000000E+03,.171875000000E+02,.433232331580E-08,-.300490452688E+01,.102818012238E-05,.292494683526E-02,.835023820400E-05,.515372902298E+04,.201600000000E+06,-.819563865662E-07,-.554250497409E+00,.465661287308E-07,.968354326427E+00,.221875000000E+03,-.627927766866E+00,-.794890253227E-08,.271082720255E-09,.100000000000E+01,.197700000000E+04,.000000000000E+00,.000000000000E+00,.000000000000E+00,.558793544769E-08,.147000000000E+03,.199506000000E+06,.000000000000E+00
26,2017-11-28 08:00:00,-.345781911165E-03,.144382283906E-10,.000000000000E+00,.520000000000E+02,-.362187500000E+02,.463769317854E-08,-.157680859094E+01,-.207684934139E-05,.229559489526E-02,.764802098274E-05,.515356839943E+04,.201600000000E+06,-.633299350739E-07,-.160568367384E+01,-.409781932831E-07,.957288163077E+00,.231593750000E+03,-.857104801741E-01,-.816105422638E-08,-.199651173416E-09,.100000000000E+01,.197700000000E+04,.000000000000E+00,.000000000000E+00,.000000000000E+00,.745058059692E-08,.520000000000E+02,.201366000000E+06,.000000000000E+00
08,2017-11-28 10:00:00,-.822069123387E-04,-.136424205266E-11,.000000000000E+00,.148000000000E+03,.155312500000E+02,.435732435719E-08,-.195525963029E+01,.903382897377E-06,.292677711695E-02,.940077006817E-05,.515372460365E+04,.208800000000E+06,-.104308128357E-06,-.554307766263E+00,-.409781932831E-07,.968356320385E+00,.205156250000E+03,-.627425507591E+00,-.795854579109E-08,.291797868838E-09,.100000000000E+01,.197700000000E+04,.000000000000E+00,.100000000000E+01,.000000000000E+00,.558793544769E-08,.148000000000E+03,.201606000000E+06,.000000000000E+00
31,2017-11-28 10:00:00,.159141141921E-03,-.250111042988E-11,.000000000000E+00,.580000000000E+02,.335937500000E+02,.465340811884E-08,.754714593372E+00,.179558992386E-05,.876841542777E-02,.447779893875E-05,.515355957794E+04,.208800000000E+06,.184401869774E-06,-.260655512452E+01,.596046447754E-07,.965322823696E+00,.291843750000E+03,-.211758661787E+00,-.833356141200E-08,.821462788651E-11,.100000000000E+01,.197700000000E+04,.000000000000E+00,.000000000000E+00,.000000000000E+00,-.135041773319E-07,.580000000000E+02,.201606000000E+06,.000000000000E+00
21,2017-11-28 10:00:00,-.457924325019E-03,.363797880709E-11,.000000000000E+00,.840000000000E+02,-.896875000000E+01,.551380110052E-08,-.438503169646E-01,-.335276126862E-06,.241287339013E-01,.502169132233E-05,.515355413055E+04,.208800000000E+06,-.381842255592E-06,.459958507598E+00,.521540641785E-07,.941860407489E+00,.277156250000E+03,-.162190033726E+01,-.911966558496E-08,.145363197818E-09,.100000000000E+01,.197700000000E+04,.000000000000E+00,.000000000000E+00,.000000000000E+00,-.977888703346E-08,.840000000000E+02,.201606000000E+06,.000000000000E+00
32,2017-11-28 10:00:00,-.526636838913E-03,-.250111042988E-11,.000000000000E+00,.128000000000E+03,.470937500000E+02,.440839791318E-08,-.173212391019E+01,.255368649960E-05,.149500404950E-02,.107996165752E-04,.515361248589E+04,.208800000000E+06,.931322574615E-08,.259112314403E+01,-.875443220139E-07,.957667401183E+00,.172156250000E+03,-.265161074701E+01,-.790247202682E-08,.173578658819E-09,.100000000000E+01,.197700000000E+04,.000000000000E+00,.000000000000E+00,.000000000000E+00,.465661287308E-09,.128000000000E+03,.201606000000E+06,.000000000000E+00
27,2017-11-28 10:00:00,.351655296981E-03,.329691829393E-11,.000000000000E+00,.810000000000E+02,.181875000000E+02,.412588614543E-08,-.240689666486E+01,.845640897751E-06,.510074058548E-02,.940635800362E-05,.515367659569E+04,.208800000000E+06,-.149011611938E-07,-.547272010979E+00,-.150874257088E-06,.976515640642E+00,.207218750000E+03,.366893456939E+00,-.783889795014E-08,.331442377334E-09,.100000000000E+01,.197700000000E+04,.000000000000E+00,.000000000000E+00,.000000000000E+00,.186264514923E-08,.810000000000E+02,.201606000000E+06,.000000000000E+00
14,2017-11-28 10:00:00,-.895028933883E-04,-.795807864051E-12,.000000000000E+00,.460000000000E+02,.565000000000E+02,.428196407528E-08,-.277926633180E+01,.300630927086E-05,.925602135248E-02,.102575868368E-04,.515371974182E+04,.208800000000E+06,.115483999252E-06,.267529445298E+01,-.782310962677E-07,.961714640121E+00,.180593750000E+03,-.195220840742E+01,-.774032241550E-08,.247153152064E-09,.100000000000E+01,.197700000000E+04,.000000000000E+00,.000000000000E+00,.000000000000E+00,-.977888703346E-08,.460000000000E+02,.201606000000E+06,.000000000000E+00
10,2017-11-28 10:00:00,.119510572404E-03,.727595761418E-11,.000000000000E+00,.124000000000E+03,-.677812500000E+02,.458233372974E-08,-.349687085551E+00,-.368431210518E-05,.299884576816E-02,.949203968048E-05,.515366955566E+04,.208800000000E+06,.838190317154E-07,.154839625829E+01,.260770320892E-07,.960082465346E+00,.196625000000E+03,-.289281404667E+01,-.810390898891E-08,-.406445501515E-09,.100000000000E+01,.197700000000E+04,.000000000000E+00,.000000000000E+00,.000000000000E+00,.186264514923E-08,.124000000000E+03,.201606000000E+06,.000000000000E+00
18,2017-11-28 10:00:00,.633105635643E-03,.341060513165E-12,.000000000000E+00,.910000000000E+02,-.625625000000E+02,.556523181424E-08,-.960470489737E+00,-.311806797981E-05,.181964887306E-01,.905059278011E-05,.515363931656E+04,.208800000000E+06,-.195577740669E-06,.149959357888E+01,.312924385071E-06,.925766166905E+00,.188687500000E+03,-.177048554870E+01,-.881608151090E-08,-.363229415677E-09,.100000000000E+01,.197700000000E+04,.000000000000E+00,.000000000000E+00,.000000000000E+00,-.111758708954E-07,.910000000000E+02,.201606000000E+06,.000000000000E+00
26,2017-11-28 10:00:00,-.345678068697E-03,.144382283906E-10,.000000000000E+00,.530000000000E+02,-.451875000000E+02,.455376111100E-08,-.525910797176E+00,-.234879553318E-05,.229641143233E-02,.788457691669E-05,.515357162094E+04,.208800000000E+06,.633299350739E-07,-.160574204428E+01,-.800937414169E-07,.957286198378E+00,.223250000000E+03,-.863638267029E-01,-.821641367518E-08,-.299655338991E-09,.100000000000E+01,.197700000000E+04,.000000000000E+00,.000000000000E+00,.000000000000E+00,.745058059692E-08,.530000000000E+02,.201726000000E+06,.000000000000E+00
11,2017-11-28 10:00:00,-.728389248252E-03,-.170530256582E-11,.000000000000E+00,.122000000000E+03,.175312500000E+02,.625061750617E-08,.976168479941E+00,.692903995514E-06,.168909822823E-01,.544823706150E-05,.515373988724E+04,.208800000000E+06,-.257045030594E-06,.943725322291E-01,-.255182385445E-06,.903395410891E+00,.246062500000E+03,.172244802079E+01,-.917752513790E-08,.320727645308E-09,.100000000000E+01,.197700000000E+04,.000000000000E+00,.000000000000E+00,.000000000000E+00,-.121071934700E-07,.122000000000E+03,.207426000000E+06,.000000000000E+00
26,2017-11-28 12:00:00,-.345574226230E-03,.144382283906E-10,.000000000000E+00,.540000000000E+02,-.427500000000E+02,.454518932538E-08,.524253426562E+00,-.219792127609E-05,.229662563652E-02,.780075788498E-05,.515357204437E+04,.216000000000E+06,.763684511185E-07,-.160580121053E+01,-.242143869400E-07,.957283976206E+00,.225031250000E+03,-.862844385275E-01,-.821891377932E-08,-.313227332890E-09,.100000000000E+01,.197700000000E+04,.000000000000E+00,.000000000000E+00,.000000000000E+00,.745058059692E-08,.540000000000E+02,.208806000000E+06,.000000000000E+00
31,2017-11-28 12:00:00,.159122981131E-03,-.250111042988E-11,.000000000000E+00,.590000000000E+02,.388125000000E+02,.462876423518E-08,.180487988211E+01,.224076211452E-05,.876869936474E-02,.478327274323E-05,.515356110001E+04,.216000000000E+06,-.242143869400E-07,-.260661379924E+01,.100582838058E-06,.965322637905E+00,.289500000000E+03,-.211673518492E+00,-.822248535666E-08,-.130362572982E-09,.100000000000E+01,.197700000000E+04,.000000000000E+00,.000000000000E+00,.000000000000E+00,-.135041773319E-07,.590000000000E+02,.208806000000E+06,.000000000000E+00
32,2017-11-28 12:00:00,-.526654999703E-03,-.250111042988E-11,.000000000000E+00,.129000000000E+03,.518437500000E+02,.455840416154E-08,-.682318477349E+00,.256486237049E-05,.149487517774E-02,.107530504465E-04,.515361132050E+04,.216000000000E+06,.106170773506E-06,.259106643840E+01,.558793544769E-07,.957667816651E+00,.173031250000E+03,-.265119799199E+01,-.803462038848E-08,.789318592573E-10,.100000000000E+01,.197700000000E+04,.000000000000E+00,.000000000000E+00,.000000000000E+00,.465661287308E-09,.129000000000E+03,.208806000000E+06,.000000000000E+00
10,2017-11-28 11:59:44,.119562260807E-03,.727595761418E-11,.000000000000E+00,.500000000000E+02,-.574375000000E+02,.464483633322E-08,.697959233809E+00,-.296719372272E-05,.299994007219E-02,.924803316593E-05,.515367179871E+04,.215984000000E+06,.391155481339E-07,.154833767427E+01,-.130385160446E-07,.960079353719E+00,.197593750000E+03,-.289261000031E+01,-.815712549130E-08,-.394659296287E-09,.100000000000E+01,.197700000000E+04,.000000000000E+00,.000000000000E+00,.000000000000E+00,.186264514923E-08,.500000000000E+02,.208806000000E+06,.000000000000E+00
14,2017-11-28 12:00:00,-.895084813237E-04,-.795807864051E-12,.000000000000E+00,.470000000000E+02,.629687500000E+02,.441804117201E-08,-.172919888595E+01,.322982668877E-05,.925657560583E-02,.102370977402E-04,.515371796989E+04,.216000000000E+06,.299885869026E-06,.267523919418E+01,.447034835815E-07,.961715832399E+00,.183656250000E+03,-.195212433352E+01,-.785818446778E-08,.137148569931E-09,.100000000000E+01,.197700000000E+04,.000000000000E+00,.000000000000E+00,.000000000000E+00,-.977888703346E-08,.470000000000E+02,.208806000000E+06,.000000000000E+00
18,2017-11-28 12:00:00,.633107963949E-03,.341060513165E-12,.000000000000E+00,.930000000000E+02,-.550937500000E+02,.558130391228E-08,.897759997365E-01,-.282004475594E-05,.181971499696E-01,.898167490959E-05,.515364102936E+04,.216000000000E+06,-.223517417908E-06,.149952922511E+01,.856816768646E-07,.925763497080E+00,.191718750000E+03,-.177052325395E+01,-.891322841460E-08,-.346800159904E-09,.100000000000E+01,.197700000000E+04,.000000000000E+00,.000000000000E+00,.000000000000E+00,-.111758708954E-07,.930000000000E+02,.208806000000E+06,.000000000000E+00
27,2017-11-28 12:00:00,.351679045707E-03,.318323145621E-11,.000000000000E+00,.820000000000E+02,.217187500000E+02,.409338479162E-08,-.135658998362E+01,.101514160633E-05,.510023406241E-02,.961124897003E-05,.515367809105E+04,.216000000000E+06,.912696123123E-07,-.547328767812E+00,-.100582838058E-06,.976518284135E+00,.201187500000E+03,.366762258057E+00,-.786782772661E-08,.370372570361E-09,.100000000000E+01,.197700000000E+04,.000000000000E+00,.000000000000E+00,.000000000000E+00,.186264514923E-08,.820000000000E+02,.208806000000E+06,.000000000000E+00
01,2017-11-28 12:00:00,-.132522545755E-04,-.250111042988E-11,.000000000000E+00,.850000000000E+02,-.784375000000E+01,.468162357984E-08,.267358948779E+01,-.456348061562E-06,.713293417357E-02,.496394932270E-05,.515367251396E+04,.216000000000E+06,-.838190317154E-07,.509104380275E+00,-.651925802231E-07,.969372526188E+00,.288250000000E+03,.630279979680E+00,-.813141013444E-08,.179650340301E-09,.100000000000E+01,.197700000000E+04,.000000000000E+00,.000000000000E+00,.000000000000E+00,.558793544769E-08,.850000000000E+02,.208836000000E+06,.000000000000E+00
22,2017-11-28 12:00:00,-.204231590033E-03,-.128466126625E-10,.000000000000E+00,.830000000000E+02,-.704375000000E+02,.538665294715E-08,-.206929808833E+01,-.359304249287E-05,.713821791578E-02,.822171568871E-05,.515366343880E+04,.216000000000E+06,.137835741043E-06,.149904165646E+01,.409781932831E-07,.923878647094E+00,.196781250000E+03,-.165285726816E+01,-.838034907518E-08,-.288583449230E-09,.100000000000E+01,.197700000000E+04,.000000000000E+00,.000000000000E+00,.000000000000E+00,-.176951289177E-07,.830000000000E+02,.209346000000E+06,.000000000000E+00
16,2017-11-28 11:59:44,.359993427992E-04,-.341060513165E-12,.000000000000E+00,.500000000000E+02,-.381562500000E+02,.384980321690E-08,-.533406858171E+00,-.184774398804E-05,.949484319426E-02,.870227813721E-05,.515354417992E+04,.215984000000E+06,.147148966789E-06,-.151060464435E+01,.614672899246E-07,.988304652296E+00,.222875000000E+03,.447691414316E+00,-.793747348477E-08,-.278940190407E-09,.100000000000E+01,.197700000000E+04,.000000000000E+00,.000000000000E+00,.000000000000E+00,-.107102096081E-07,.500000000000E+02,.212016000000E+06,.000000000000E+00
26,2017-11-28 14:00:00,-.345470383763E-03,.144382283906E-10,.000000000000E+00,.550000000000E+02,-.335937500000E+02,.451054502516E-08,.157417907908E+01,-.169128179550E-05,.229748722631E-02,.770203769207E-05,.515357404137E+04,.223200000000E+06,.447034835815E-07,-.160586010469E+01,.149011611938E-07,.957281701368E+00,.227750000000E+03,-.859682097667E-01,-.819105547605E-08,-.333585323739E-09,.100000000000E+01,.197700000000E+04,.000000000000E+00,.000000000000E+00,.000000000000E+00,.745058059692E-08,.550000000000E+02,.216006000000E+06,.000000000000E+00
27,2017-11-28 14:00:00,.351702328771E-03,.318323145621E-11,.000000000000E+00,.840000000000E+02,.198750000000E+02,.410302805044E-08,-.306339955352E+00,.103749334812E-05,.510098133236E-02,.934489071369E-05,.515367958641E+04,.223200000000E+06,.100582838058E-06,-.547385466128E+00,.540167093277E-07,.976520210798E+00,.208031250000E+03,.366687121122E+00,-.799211861811E-08,.310012913282E-09,.100000000000E+01,.197700000000E+04,.000000000000E+00,.000000000000E+00,.000000000000E+00,.186264514923E-08,.840000000000E+02,.216006000000E+06,.000000000000E+00
16,2017-11-28 14:00:00,.359970144928E-04,-.341060513165E-12,.000000000000E+00,.510000000000E+02,-.289062500000E+02,.375801367921E-08,.519169625316E+00,-.141188502312E-05,.949633540586E-02,.852160155773E-05,.515354703522E+04,.223200000000E+06,.484287738800E-07,-.151066161184E+01,.162050127983E-06,.988302683208E+00,.228187500000E+03,.447702934796E+00,-.789032866386E-08,-.328942273195E-09,.100000000000E+01,.197700000000E+04,.000000000000E+00,.000000000000E+00,.000000000000E+00,-.107102096081E-07,.510000000000E+02,.216006000000E+06,.000000000000E+00
31,2017-11-28 14:00:00,.159104820341E-03,-.250111042988E-11,.000000000000E+00,.600000000000E+02,.360625000000E+02,.465912264259E-08,.285510080124E+01,.187754631042E-05,.876839866396E-02,.499747693539E-05,.515356184006E+04,.223200000000E+06,-.102445483208E-06,-.260667318055E+01,.596046447754E-07,.965321981055E+00,.288718750000E+03,-.211643730554E+00,-.817605485122E-08,-.821462788651E-10,.100000000000E+01,.197700000000E+04,.000000000000E+00,.000000000000E+00,.000000000000E+00,-.135041773319E-07,.600000000000E+02,.216006000000E+06,.000000000000E+00
01,2017-11-28 14:00:00,-.132704153657E-04,-.250111042988E-11,.000000000000E+00,.860000000000E+02,-.117187500000E+02,.471841082646E-08,-.255941955145E+01,-.722706317902E-06,.713347224519E-02,.500492751598E-05,.515367150497E+04,.223200000000E+06,.167638063431E-07,.509045259367E+00,-.130385160446E-06,.969373755039E+00,.287781250000E+03,.630287115794E+00,-.819855578847E-08,.242152943785E-09,.100000000000E+01,.197700000000E+04,.000000000000E+00,.000000000000E+00,.000000000000E+00,.558793544769E-08,.860000000000E+02,.216006000000E+06,.000000000000E+00
22,2017-11-28 14:00:00,-.204324256629E-03,-.128466126625E-10,.000000000000E+00,.840000000000E+02,-.655312500000E+02,.554523098113E-08,-.101930443792E+01,-.333972275257E-05,.713842478581E-02,.890903174877E-05,.515366074181E+04,.223200000000E+06,-.117346644402E-06,.149898046991E+01,.894069671631E-07,.923875307252E+00,.187031250000E+03,-.165265585945E+01,-.865143179543E-08,-.301083969927E-09,.100000000000E+01,.197700000000E+04,.000000000000E+00,.000000000000E+00,.000000000000E+00,-.176951289177E-07,.840000000000E+02,.216006000000E+06,.000000000000E+00
32,2017-11-28 14:00:00,-.526673626155E-03,-.250111042988E-11,.000000000000E+00,.137000000000E+03,.550625000000E+02,.458554814934E-08,.368121152421E+00,.282004475594E-05,.149597437121E-02,.102408230305E-04,.515361347008E+04,.223200000000E+06,.279396772385E-07,.259100833861E+01,.633299350739E-07,.957668191158E+00,.180843750000E+03,-.265141900087E+01,-.807712215884E-08,.742888087128E-10,.100000000000E+01,.197700000000E+04,.000000000000E+00,.100000000000E+01,.000000000000E+00,.465661287308E-09,.137000000000E+03,.216006000000E+06,.000000000000E+00
14,2017-11-28 14:00:00,-.895140692592E-04,-.795807864051E-12,.000000000000E+00,.480000000000E+02,.624687500000E+02,.456018995022E-08,-.678914767297E+00,.324286520481E-05,.925702007953E-02,.984594225883E-05,.515372041130E+04,.223200000000E+06,-.409781932831E-07,.267518141769E+01,.154599547386E-06,.961715105329E+00,.192968750000E+03,-.195225566114E+01,-.821284209784E-08,.112504686272E-09,.100000000000E+01,.197700000000E+04,.000000000000E+00,.000000000000E+00,.000000000000E+00,-.977888703346E-08,.480000000000E+02,.216006000000E+06,.000000000000E+00
03,2017-11-28 14:00:00,-.353655777872E-04,.579802872380E-11,.000000000000E+00,.840000000000E+02,-.641250000000E+02,.462626413104E-08,.265172529788E+01,-.334344804287E-05,.113178568427E-02,.955164432526E-05,.515361005402E+04,.223200000000E+06,-.130385160446E-07,.155185837096E+01,-.186264514923E-07,.959949209601E+00,.192500000000E+03,.600648730516E+00,-.805926427213E-08,-.313227332890E-09,.100000000000E+01,.197700000000E+04,.000000000000E+00,.000000000000E+00,.000000000000E+00,.232830643654E-08,.840000000000E+02,.216036000000E+06,.000000000000E+00
23,2017-11-28 14:00:00,-.218834728003E-03,-.113686837722E-12,.000000000000E+00,.890000000000E+02,.515000000000E+02,.474698344520E-08,-.173068460214E+01,.250339508057E-05,.118610443315E-01,.104531645775E-04,.515364454460E+04,.223200000000E+06,.176951289177E-06,.258699419526E+01,-.132247805595E-06,.944070521218E+00,.165531250000E+03,-.241317313348E+01,-.797533220460E-08,.221080637467E-09,.100000000000E+01,.197700000000E+04,.000000000000E+00,.000000000000E+00,.000000000000E+00,-.204890966415E-07,.890000000000E+02,.216666000000E+06,.000000000000E+00
07,2017-11-28 14:00:00,.273356679827E-03,-.522959453519E-11,.000000000000E+00,.830000000000E+02,.428437500000E+02,.472269671927E-08,.306940619713E+01,.207126140594E-05,.110750445165E-01,.461377203465E-05,.515370680809E+04,.223200000000E+06,-.707805156708E-07,-.261841447474E+01,-.104308128357E-06,.960622836563E+00,.290375000000E+03,-.254649693189E+01,-.815498254490E-08,.500020827875E-11,.100000000000E+01,.197700000000E+04,.000000000000E+00,.000000000000E+00,.000000000000E+00,-.111758708954E-07,.830000000000E+02,.219726000000E+06,.000000000000E+00
08,2017-11-28 14:00:00,-.822255387902E-04,-.136424205266E-11,.000000000000E+00,.440000000000E+02,.204375000000E+02,.423874798944E-08,.145527011910E+00,.101700425148E-05,.292739854194E-02,.971741974354E-05,.515372748184E+04,.223200000000E+06,.484287738800E-07,-.554423072003E+00,-.484287738800E-07,.968360834950E+00,.194312500000E+03,-.627918017980E+00,-.802854870699E-08,.313941648358E-09,.100000000000E+01,.197700000000E+04,.000000000000E+00,.000000000000E+00,.000000000000E+00,.558793544769E-08,.440000000000E+02,.220536000000E+06,.000000000000E+00
23,2017-11-28 16:00:00,-.218835659325E-03,-.113686837722E-12,.000000000000E+00,.103000000000E+03,.554687500000E+02,.490591863692E-08,-.680508048932E+00,.289268791676E-05,.118613049854E-01,.103916972876E-04,.515364418793E+04,.230400000000E+06,.108033418655E-06,.258693669527E+01,.249594449997E-06,.944070145248E+00,.169281250000E+03,-.241314890317E+01,-.833427572747E-08,.767889128522E-10,.100000000000E+01,.197700000000E+04,.000000000000E+00,.100000000000E+01,.000000000000E+00,-.204890966415E-07,.103000000000E+03,.223206000000E+06,.000000000000E+00
27,2017-11-28 16:00:00,.351725611836E-03,.318323145621E-11,.000000000000E+00,.850000000000E+02,.183750000000E+02,.404016828923E-08,.743905954806E+00,.925734639168E-06,.510121078696E-02,.908598303795E-05,.515367986870E+04,.230400000000E+06,.260770320892E-07,-.547442380955E+00,.139698386192E-06,.976522586577E+00,.214000000000E+03,.366614469684E+00,-.791032949697E-08,.249296098469E-09,.100000000000E+01,.197700000000E+04,.000000000000E+00,.000000000000E+00,.000000000000E+00,.186264514923E-08,.850000000000E+02,.223206000000E+06,.000000000000E+00
26,2017-11-28 16:00:00,-.345366541296E-03,.144382283906E-10,.000000000000E+00,.570000000000E+02,-.287812500000E+02,.456769026263E-08,.262500413803E+01,-.151060521603E-05,.229791784659E-02,.730343163013E-05,.515357146072E+04,.230400000000E+06,-.372529029846E-08,-.160591922999E+01,.409781932831E-07,.957279520157E+00,.237500000000E+03,-.865499581589E-01,-.817176895841E-08,-.293583657509E-09,.100000000000E+01,.197700000000E+04,.000000000000E+00,.000000000000E+00,.000000000000E+00,.745058059692E-08,.570000000000E+02,.223206000000E+06,.000000000000E+00
22,2017-11-28 16:00:00,-.204416457564E-03,-.128466126625E-10,.000000000000E+00,.880000000000E+02,-.602187500000E+02,.558666127830E-08,.309666373590E-01,-.304915010929E-05,.713867158629E-02,.885128974915E-05,.515366162872E+04,.230400000000E+06,-.540167093277E-07,.149891751031E+01,.558793544769E-08,.923873181632E+00,.190468750000E+03,-.165273111927E+01,-.871607734532E-08,-.253224833545E-09,.100000000000E+01,.197700000000E+04,.000000000000E+00,.000000000000E+00,.000000000000E+00,-.176951289177E-07,.880000000000E+02,.223206000000E+06,.000000000000E+00
16,2017-11-28 16:00:00,.359942205250E-04,-.341060513165E-12,.000000000000E+00,.520000000000E+02,-.277812500000E+02,.383908848487E-08,.156955136595E+01,-.135973095894E-05,.949582341127E-02,.827945768833E-05,.515354455376E+04,.230400000000E+06,-.651925802231E-07,-.151071798831E+01,.109896063805E-06,.988300023623E+00,.237781250000E+03,.447574704174E+00,-.785639867911E-08,-.384658879729E-09,.100000000000E+01,.197700000000E+04,.000000000000E+00,.000000000000E+00,.000000000000E+00,-.107102096081E-07,.520000000000E+02,.223206000000E+06,.000000000000E+00
01,2017-11-28 16:00:00,-.132881104946E-04,-.250111042988E-11,.000000000000E+00,.870000000000E+02,-.140625000000E+02,.468769526132E-08,-.150917480723E+01,-.778585672379E-06,.713335804176E-02,.502541661263E-05,.515367233276E+04,.230400000000E+06,.931322574615E-07,.508986157476E+00,-.875443220139E-07,.969375604168E+00,.285187500000E+03,.630225829767E+00,-.822212819893E-08,.248581783000E-09,.100000000000E+01,.197700000000E+04,.000000000000E+00,.100000000000E+01,.000000000000E+00,.558793544769E-08,.870000000000E+02,.223206000000E+06,.000000000000E+00
07,2017-11-28 16:00:00,.273318961263E-03,-.522959453519E-11,.000000000000E+00,.880000000000E+02,.405625000000E+02,.476877006699E-08,-.216363659309E+01,.197626650333E-05,.110753915505E-01,.451132655144E-05,.515370605278E+04,.230400000000E+06,.316649675369E-07,-.261847379022E+01,-.119209289551E-06,.960622965299E+00,.292468750000E+03,-.254647673777E+01,-.820534178542E-08,.700029159024E-10,.100000000000E+01,.197700000000E+04,.000000000000E+00,.000000000000E+00,.000000000000E+00,-.111758708954E-07,.880000000000E+02,.223206000000E+06,.000000000000E+00
08,2017-11-28 16:00:00,-.822353176773E-04,-.136424205266E-11,.000000000000E+00,.450000000000E+02,.221875000000E+02,.414445834761E-08,.119531456058E+01,.110454857349E-05,.292863859795E-02,.915490090847E-05,.515373054886E+04,.230400000000E+06,.124797224998E-06,-.554480596868E+00,.316649675369E-07,.968363343854E+00,.205843750000E+03,-.627560786551E+00,-.795711716015E-08,.294297972978E-09,.100000000000E+01,.197700000000E+04,.000000000000E+00,.000000000000E+00,.000000000000E+00,.558793544769E-08,.450000000000E+02,.223206000000E+06,.000000000000E+00
03,2017-11-28 16:00:00,-.353241339326E-04,.579802872380E-11,.000000000000E+00,.850000000000E+02,-.557500000000E+02,.462697844651E-08,-.258103427140E+01,-.289827585220E-05,.113072106615E-02,.958517193794E-05,.515361205864E+04,.230400000000E+06,.391155481339E-07,.155179995664E+01,-.707805156708E-07,.959946889413E+00,.192031250000E+03,.600443326578E+00,-.810712340852E-08,-.274297139863E-09,.100000000000E+01,.197700000000E+04,.000000000000E+00,.000000000000E+00,.000000000000E+00,.232830643654E-08,.850000000000E+02,.223206000000E+06,.000000000000E+00
14,2017-11-28 16:00:00,-.895196571946E-04,-.795807864051E-12,.000000000000E+00,.490000000000E+02,.575937500000E+02,.457769067919E-08,.371219451992E+00,.303797423840E-05,.925635267049E-02,.977702438831E-05,.515371910667E+04,.230400000000E+06,-.134110450745E-06,.267512263472E+01,.763684511185E-07,.961715823621E+00,.194406250000E+03,-.195223682168E+01,-.819069831832E-08,.439304013061E-10,.100000000000E+01,.197700000000E+04,.000000000000E+00,.000000000000E+00,.000000000000E+00,-.977888703346E-08,.490000000000E+02,.223806000000E+06,.000000000000E+00
09,2017-11-28 16:00:00,.477019231766E-03,.443378667114E-11,.000000000000E+00,.550000000000E+02,.546875000000E+02,.461876381862E-08,.938414960384E+00,.274181365967E-05,.105278694537E-02,.109523534775E-04,.515373310661E+04,.230400000000E+06,.931322574615E-08,.258685411793E+01,.558793544769E-08,.953228666349E+00,.162406250000E+03,.174906288210E+01,-.804390648956E-08,.125005206969E-09,.100000000000E+01,.197700000000E+04,.000000000000E+00,.000000000000E+00,.000000000000E+00,.931322574615E-09,.550000000000E+02,.224166000000E+06,.000000000000E+00
11,2017-11-28 16:00:00,-.728425104171E-03,-.170530256582E-11,.000000000000E+00,.126000000000E+03,.282187500000E+02,.591381776282E-08,-.215661548746E+01,.172294676304E-05,.168895744719E-01,.507570803165E-05,.515374330711E+04,.230400000000E+06,.221654772758E-06,.941835627120E-01,.197440385818E-06,.903405117352E+00,.246031250000E+03,.172249797506E+01,-.869357640807E-08,.422517599554E-09,.100000000000E+01,.197700000000E+04,.000000000000E+00,.100000000000E+01,.000000000000E+00,-.121071934700E-07,.126000000000E+03,.224406000000E+06,.000000000000E+00
28,2017-11-28 16:00:00,.666441395879E-03,.341060513165E-11,.000000000000E+00,.460000000000E+02,-.484062500000E+02,.380444418466E-08,.159085732680E+01,-.279396772385E-05,.200127452845E-01,.870414078236E-05,.515366735458E+04,.230400000000E+06,.124797224998E-06,-.150632947985E+01,-.523403286934E-06,.987135432576E+00,.224156250000E+03,-.154813661081E+01,-.779389607563E-08,-.292512184307E-09,.100000000000E+01,.197700000000E+04,.000000000000E+00,.000000000000E+00,.000000000000E+00,-.111758708954E-07,.460000000000E+02,.228696000000E+06,.000000000000E+00
23,2017-11-28 17:59:44,-.218837521970E-03,-.113686837722E-12,.000000000000E+00,.570000000000E+02,.533437500000E+02,.496234955892E-08,.367386283319E+00,.292062759399E-05,.118612325750E-01,.102017074823E-04,.515364413643E+04,.237584000000E+06,-.540167093277E-07,.258687646547E+01,.204890966415E-06,.944070486108E+00,.173531250000E+03,-.241317544050E+01,-.838249202158E-08,.553594488004E-10,.100000000000E+01,.197700000000E+04,.000000000000E+00,.000000000000E+00,.000000000000E+00,-.204890966415E-07,.570000000000E+02,.230406000000E+06,.000000000000E+00
11,2017-11-28 17:59:44,-.728437677026E-03,-.170530256582E-11,.000000000000E+00,.430000000000E+02,.240312500000E+02,.609275378765E-08,-.110884906692E+01,.147894024849E-05,.168893906521E-01,.589340925217E-05,.515374177361E+04,.237584000000E+06,-.242143869400E-06,.941192484445E-01,.165775418282E-06,.903406138469E+00,.240718750000E+03,.172254711594E+01,-.916252451307E-08,.437518224390E-09,.100000000000E+01,.197700000000E+04,.000000000000E+00,.000000000000E+00,.000000000000E+00,-.121071934700E-07,.430000000000E+02,.230406000000E+06,.000000000000E+00
27,2017-11-28 18:00:00,.351748894900E-03,.318323145621E-11,.000000000000E+00,.860000000000E+02,.134062500000E+02,.398052294762E-08,.179393626887E+01,.687316060066E-06,.510113360360E-02,.920332968235E-05,.515368114090E+04,.237600000000E+06,-.745058059692E-07,-.547499017829E+00,.763684511185E-07,.976524109475E+00,.209843750000E+03,.366757484556E+00,-.788247119371E-08,.206437170365E-09,.100000000000E+01,.197700000000E+04,.000000000000E+00,.000000000000E+00,.000000000000E+00,.186264514923E-08,.860000000000E+02,.230406000000E+06,.000000000000E+00
07,2017-11-28 18:00:00,.273281242698E-03,-.522959453519E-11,.000000000000E+00,.890000000000E+02,.356875000000E+02,.479555689705E-08,-.111341193035E+01,.184588134289E-05,.110754177440E-01,.453181564808E-05,.515370733070E+04,.237600000000E+06,.255182385445E-06,-.261853229231E+01,-.130385160446E-07,.960622671253E+00,.290906250000E+03,-.254653927020E+01,-.834284751309E-08,-.739316509786E-10,.100000000000E+01,.197700000000E+04,.000000000000E+00,.000000000000E+00,.000000000000E+00,-.111758708954E-07,.890000000000E+02,.230406000000E+06,.000000000000E+00
01,2017-11-28 18:00:00,-.133058056235E-04,-.250111042988E-11,.000000000000E+00,.880000000000E+02,-.161875000000E+02,.469483841601E-08,-.458943448723E+00,-.737607479095E-06,.713355280459E-02,.506825745106E-05,.515367309189E+04,.237600000000E+06,.670552253723E-07,.508926818593E+00,.540167093277E-07,.969376680875E+00,.286968750000E+03,.630176993173E+00,-.834534761723E-08,.200008331150E-09,.100000000000E+01,.197700000000E+04,.000000000000E+00,.100000000000E+01,.000000000000E+00,.558793544769E-08,.880000000000E+02,.230406000000E+06,.000000000000E+00
08,2017-11-28 18:00:00,-.822450965643E-04,-.136424205266E-11,.000000000000E+00,.460000000000E+02,.161562500000E+02,.415945897245E-08,.224578806129E+01,.866129994392E-06,.292875710875E-02,.899657607079E-05,.515372872925E+04,.237600000000E+06,-.372529029846E-08,-.554537208872E+00,.335276126862E-07,.968365307091E+00,.209656250000E+03,-.627890443437E+00,-.790104339589E-08,.216080429189E-09,.100000000000E+01,.197700000000E+04,.000000000000E+00,.000000000000E+00,.000000000000E+00,.558793544769E-08,.460000000000E+02,.230406000000E+06,.000000000000E+00
09,2017-11-28 18:00:00,.477051362395E-03,.443378667114E-11,.000000000000E+00,.700000000000E+02,.585312500000E+02,.461269213714E-08,.198774892691E+01,.293925404549E-05,.105267495383E-02,.106282532215E-04,.515373467827E+04,.237600000000E+06,-.745058059692E-08,.258679614103E+01,.186264514923E-08,.953229500212E+00,.168000000000E+03,.174987398971E+01,-.805890711440E-08,.125719522437E-09,.100000000000E+01,.197700000000E+04,.000000000000E+00,.000000000000E+00,.000000000000E+00,.931322574615E-09,.700000000000E+02,.230406000000E+06,.000000000000E+00
28,2017-11-28 18:00:00,.666465610266E-03,.341060513165E-11,.000000000000E+00,.470000000000E+02,-.392500000000E+02,.366443835285E-08,.264099502491E+01,-.200793147087E-05,.200119396904E-01,.851601362228E-05,.515366942024E+04,.237600000000E+06,.244006514549E-06,-.150638281052E+01,-.782310962677E-07,.987134197873E+00,.223750000000E+03,-.154809626792E+01,-.743602402596E-08,-.430732227440E-09,.100000000000E+01,.197700000000E+04,.000000000000E+00,.100000000000E+01,.000000000000E+00,-.111758708954E-07,.470000000000E+02,.230406000000E+06,.000000000000E+00
03,2017-11-28 18:00:00,-.352826900780E-04,.579802872380E-11,.000000000000E+00,.890000000000E+02,-.495312500000E+02,.474091176372E-08,-.153275349324E+01,-.260397791862E-05,.113170198165E-02,.894069671631E-05,.515360754204E+04,.237600000000E+06,.298023223877E-07,.155174118976E+01,.242143869400E-07,.959945240704E+00,.208250000000E+03,.602383748432E+00,-.810248035797E-08,-.197151069276E-09,.100000000000E+01,.197700000000E+04,.000000000000E+00,.000000000000E+00,.000000000000E+00,.232830643654E-08,.890000000000E+02,.230406000000E+06,.000000000000E+00
22,2017-11-28 18:00:00,-.204508658499E-03,-.128466126625E-10,.000000000000E+00,.890000000000E+02,-.562187500000E+02,.564380651577E-08,.108121094562E+01,-.299885869026E-05,.713738030754E-02,.850297510624E-05,.515365920639E+04,.237600000000E+06,-.134110450745E-06,.149885452291E+01,-.614672899246E-07,.923871625087E+00,.200562500000E+03,-.165277768688E+01,-.865786063465E-08,-.202508435289E-09,.100000000000E+01,.197700000000E+04,.000000000000E+00,.000000000000E+00,.000000000000E+00,-.176951289177E-07,.890000000000E+02,.230436000000E+06,.000000000000E+00
30,2017-11-28 18:00:00,.124712474644E-03,-.272848410532E-11,.000000000000E+00,.880000000000E+02,.365000000000E+02,.513449958680E-08,-.106134373106E+01,.182166695595E-05,.300808937754E-02,.444613397121E-05,.515359692574E+04,.237600000000E+06,.316649675369E-07,-.258231916259E+01,-.633299350739E-07,.946276129159E+00,.285843750000E+03,-.306738707175E+01,-.852856953487E-08,-.860750139413E-10,.100000000000E+01,.197700000000E+04,.000000000000E+00,.000000000000E+00,.000000000000E+00,.372529029846E-08,.880000000000E+02,.231396000000E+06,.000000000000E+00
17,2017-11-28 18:00:00,-.141562428325E-03,.238742359215E-11,.000000000000E+00,.101000000000E+03,.199687500000E+02,.385908931799E-08,.171411091064E+01,.931322574615E-06,.121911214665E-01,.989995896816E-05,.515372453690E+04,.237600000000E+06,-.689178705215E-07,-.494485126845E+00,-.299885869026E-06,.981728190383E+00,.197187500000E+03,-.182676015681E+01,-.780139638805E-08,.376087094108E-09,.100000000000E+01,.197700000000E+04,.000000000000E+00,.100000000000E+01,.000000000000E+00,-.111758708954E-07,.101000000000E+03,.232206000000E+06,.000000000000E+00
19,2017-11-28 18:00:00,-.473017338663E-03,.216004991671E-11,.000000000000E+00,.690000000000E+02,.306875000000E+02,.395480759075E-08,-.158212387118E+01,.173971056938E-05,.980699528009E-02,.927038490772E-05,.515369072151E+04,.237600000000E+06,.232830643654E-06,-.447104665670E+00,.670552253723E-07,.979132095959E+00,.204125000000E+03,.109711077610E+01,-.778282418587E-08,.416803075807E-09,.100000000000E+01,.197700000000E+04,.000000000000E+00,.000000000000E+00,.000000000000E+00,-.153668224812E-07,.690000000000E+02,.234366000000E+06,.000000000000E+00
17,2017-11-28 19:59:44,-.141552649438E-03,.238742359215E-11,.000000000000E+00,.420000000000E+02,.206875000000E+02,.371586906658E-08,.276187213344E+01,.106170773506E-05,.121909789741E-01,.954046845436E-05,.515372554779E+04,.244784000000E+06,.106170773506E-06,-.494539320645E+00,-.279396772385E-07,.981731792087E+00,.202781250000E+03,-.182671153965E+01,-.752067040897E-08,.294655130712E-09,.100000000000E+01,.197700000000E+04,.000000000000E+00,.000000000000E+00,.000000000000E+00,-.111758708954E-07,.420000000000E+02,.237606000000E+06,.000000000000E+00
23,2017-11-28 20:00:00,-.218838453293E-03,-.113686837722E-12,.000000000000E+00,.580000000000E+02,.472187500000E+02,.497663586829E-08,.141985127636E+01,.259280204773E-05,.118614232633E-01,.107083469629E-04,.515364562225E+04,.244800000000E+06,-.210478901863E-06,.258681615228E+01,.145286321640E-06,.944070674824E+00,.168812500000E+03,-.241310438803E+01,-.833463288520E-08,.417874549009E-10,.100000000000E+01,.197700000000E+04,.000000000000E+00,.000000000000E+00,.000000000000E+00,-.204890966415E-07,.580000000000E+02,.237606000000E+06,.000000000000E+00
11,2017-11-28 20:00:00,-.728449784219E-03,-.170530256582E-11,.000000000000E+00,.440000000000E+02,.221562500000E+02,.603703718112E-08,-.563744668971E-01,.111386179924E-05,.168896127725E-01,.591948628426E-05,.515374195671E+04,.244800000000E+06,-.266358256340E-06,.940530206801E-01,-.577419996262E-07,.903409236929E+00,.237343750000E+03,.172255683849E+01,-.919752597102E-08,.376444251843E-09,.100000000000E+01,.197700000000E+04,.000000000000E+00,.000000000000E+00,.000000000000E+00,-.121071934700E-07,.440000000000E+02,.237606000000E+06,.000000000000E+00
19,2017-11-28 20:00:00,-.473001971841E-03,.216004991671E-11,.000000000000E+00,.710000000000E+02,.307812500000E+02,.393194949576E-08,-.531892383933E+00,.174157321453E-05,.980733649340E-02,.947527587414E-05,.515369208145E+04,.244800000000E+06,.111758708954E-07,-.447161492722E+00,.173225998878E-06,.979134038714E+00,.209562500000E+03,.109704521396E+01,-.799390440678E-08,.393230665350E-09,.100000000000E+01,.197700000000E+04,.000000000000E+00,.000000000000E+00,.000000000000E+00,-.153668224812E-07,.710000000000E+02,.237606000000E+06,.000000000000E+00
30,2017-11-28 20:00:00,.124692451209E-03,-.272848410532E-11,.000000000000E+00,.950000000000E+02,.335625000000E+02,.518307303865E-08,-.110200828935E-01,.162236392498E-05,.300838483963E-02,.431202352047E-05,.515359768105E+04,.244800000000E+06,-.745058059692E-08,-.258238059637E+01,-.186264514923E-07,.946275200206E+00,.286468750000E+03,-.306747877038E+01,-.859000066515E-08,-.101789954246E-09,.100000000000E+01,.197700000000E+04,.000000000000E+00,.100000000000E+01,.000000000000E+00,.372529029846E-08,.950000000000E+02,.237606000000E+06,.000000000000E+00
07,2017-11-28 20:00:00,.273243524134E-03,-.522959453519E-11,.000000000000E+00,.900000000000E+02,.377187500000E+02,.493484841339E-08,-.632438620636E-01,.197440385818E-05,.110757403309E-01,.436976552010E-05,.515370790672E+04,.244800000000E+06,.260770320892E-07,-.261859321261E+01,.912696123123E-07,.960620966953E+00,.293031250000E+03,-.254654453524E+01,-.858214319500E-08,-.975040614355E-10,.100000000000E+01,.197700000000E+04,.000000000000E+00,.000000000000E+00,.000000000000E+00,-.111758708954E-07,.900000000000E+02,.237606000000E+06,.000000000000E+00
01,2017-11-28 19:59:44,-.133253633976E-04,-.250111042988E-11,.000000000000E+00,.100000000000E+01,-.631250000000E+01,.459626288137E-08,.588879864707E+00,-.370666384697E-06,.713495200034E-02,.505149364471E-05,.515367578506E+04,.244784000000E+06,.372529029846E-08,.508867204682E+00,.875443220139E-07,.969378152571E+00,.287531250000E+03,.630201306871E+00,-.830641742420E-08,.161792453591E-09,.100000000000E+01,.197700000000E+04,.000000000000E+00,.000000000000E+00,.000000000000E+00,.558793544769E-08,.100000000000E+01,.237606000000E+06,.000000000000E+00
09,2017-11-28 20:00:00,.477083027363E-03,.443378667114E-11,.000000000000E+00,.710000000000E+02,.516875000000E+02,.471626788006E-08,.303859822787E+01,.274181365967E-05,.105398229789E-02,.103469938040E-04,.515373186874E+04,.244800000000E+06,.130385160446E-07,.258673799149E+01,.111758708954E-07,.953230435017E+00,.176687500000E+03,.174917004084E+01,-.806747890002E-08,.142505935944E-09,.100000000000E+01,.197700000000E+04,.000000000000E+00,.000000000000E+00,.000000000000E+00,.931322574615E-09,.710000000000E+02,.237606000000E+06,.000000000000E+00
28,2017-11-28 20:00:00,.666489824653E-03,.341060513165E-11,.000000000000E+00,.790000000000E+02,-.338125000000E+02,.375479925960E-08,-.259202748780E+01,-.173225998878E-05,.200139660155E-01,.790692865849E-05,.515366571045E+04,.244800000000E+06,.232830643654E-06,-.150643702919E+01,.949949026108E-07,.987131595342E+00,.238375000000E+03,-.154808018021E+01,-.743209529089E-08,-.301083969927E-09,.100000000000E+01,.197700000000E+04,.000000000000E+00,.100000000000E+01,.000000000000E+00,-.111758708954E-07,.790000000000E+02,.237606000000E+06,.000000000000E+00
06,2017-11-28 20:00:00,.411580316722E-03,.136424205266E-11,.000000000000E+00,.640000000000E+02,-.109375000000E+02,.457947646786E-08,.883161374005E+00,-.484287738800E-06,.679178745486E-03,.505149364471E-05,.515378948212E+04,.244800000000E+06,-.596046447754E-07,.500526892200E+00,-.409781932831E-07,.969129838319E+00,.282906250000E+03,-.129226700150E+01,-.826141554969E-08,.242867259253E-09,.100000000000E+01,.197700000000E+04,.000000000000E+00,.000000000000E+00,.000000000000E+00,.465661287308E-08,.640000000000E+02,.238056000000E+06,.000000000000E+00
13,2017-11-28 20:00:00,-.943695195019E-04,-.341060513165E-12,.000000000000E+00,.500000000000E+02,.675937500000E+02,.440589780904E-08,.127725862795E+01,.350922346115E-05,.363650918007E-02,.105723738670E-04,.515366229248E+04,.244800000000E+06,-.111758708954E-07,.271568317808E+01,-.577419996262E-07,.969211398928E+00,.179031250000E+03,.167256491787E+01,-.794068790438E-08,.258225041824E-09,.100000000000E+01,.197700000000E+04,.000000000000E+00,.000000000000E+00,.000000000000E+00,-.116415321827E-07,.500000000000E+02,.239316000000E+06,.000000000000E+00
02,2017-11-28 19:59:44,.269059557468E-03,-.989075488178E-11,.000000000000E+00,.390000000000E+02,-.203125000000E+01,.518985903560E-08,.101377766507E+01,-.169500708580E-06,.173540932592E-01,.538118183613E-05,.515362605095E+04,.244784000000E+06,-.314787030220E-06,.451554799561E+00,.186264514923E-08,.948414976833E+00,.271125000000E+03,-.193427962953E+01,-.879965225512E-08,.146077513286E-09,.100000000000E+01,.197700000000E+04,.000000000000E+00,.000000000000E+00,.000000000000E+00,-.204890966415E-07,.390000000000E+02,.243666000000E+06,.000000000000E+00
17,2017-11-28 22:00:00,-.141535885632E-03,.238742359215E-11,.000000000000E+00,.430000000000E+02,.157500000000E+02,.380658713106E-08,-.246883286395E+01,.862404704094E-06,.121922063408E-01,.935047864914E-05,.515372330666E+04,.252000000000E+06,.109896063805E-06,-.494593454465E+00,-.502914190292E-07,.981733859190E+00,.210718750000E+03,-.182671357311E+01,-.752067040897E-08,.272154193457E-09,.100000000000E+01,.197700000000E+04,.000000000000E+00,.000000000000E+00,.000000000000E+00,-.111758708954E-07,.430000000000E+02,.244806000000E+06,.000000000000E+00
02,2017-11-28 21:59:44,.268988776952E-03,-.989075488178E-11,.000000000000E+00,.400000000000E+02,-.753125000000E+01,.491199031840E-08,.206393266658E+01,-.605359673500E-06,.173542011762E-01,.490993261337E-05,.515362797356E+04,.251984000000E+06,.596046447754E-07,.451492047690E+00,-.437721610069E-06,.948418884288E+00,.275687500000E+03,-.193422074561E+01,-.825641534141E-08,.288583449230E-09,.100000000000E+01,.197700000000E+04,.000000000000E+00,.000000000000E+00,.000000000000E+00,-.204890966415E-07,.400000000000E+02,.244806000000E+06,.000000000000E+00
06,2017-11-28 22:00:00,.411589629948E-03,.136424205266E-11,.000000000000E+00,.650000000000E+02,-.878125000000E+01,.449447292712E-08,.193274965567E+01,-.376254320145E-06,.679126125760E-03,.504776835442E-05,.515379013252E+04,.252000000000E+06,.316649675369E-07,.500467810790E+00,-.223517417908E-07,.969131985883E+00,.284843750000E+03,-.129174513912E+01,-.817034032747E-08,.237152735506E-09,.100000000000E+01,.197700000000E+04,.000000000000E+00,.000000000000E+00,.000000000000E+00,.465661287308E-08,.650000000000E+02,.244806000000E+06,.000000000000E+00
19,2017-11-28 22:00:00,-.472986139357E-03,.216004991671E-11,.000000000000E+00,.780000000000E+02,.176562500000E+02,.394230707006E-08,.518248065924E+00,.107474625111E-05,.980545289349E-02,.931695103645E-05,.515368848419E+04,.252000000000E+06,-.253319740295E-06,-.447217566372E+00,.502914190292E-07,.979136528601E+00,.214312500000E+03,.109707099350E+01,-.788854287519E-08,.180364655769E-09,.100000000000E+01,.197700000000E+04,.000000000000E+00,.000000000000E+00,.000000000000E+00,-.153668224812E-07,.780000000000E+02,.244806000000E+06,.000000000000E+00
30,2017-11-28 21:59:44,.124670565128E-03,-.272848410532E-11,.000000000000E+00,.380000000000E+02,.412812500000E+02,.521664586567E-08,.103668946525E+01,.219605863094E-05,.300943572074E-02,.408850610256E-05,.515359994507E+04,.251984000000E+06,.484287738800E-07,-.258244260215E+01,-.596046447754E-07,.946274411693E+00,.289937500000E+03,-.306729057036E+01,-.862964517365E-08,-.671456540289E-10,.100000000000E+01,.197700000000E+04,.000000000000E+00,.000000000000E+00,.000000000000E+00,.372529029846E-08,.380000000000E+02,.244806000000E+06,.000000000000E+00
13,2017-11-28 22:00:00,-.943718478084E-04,-.341060513165E-12,.000000000000E+00,.600000000000E+02,.690312500000E+02,.429803617332E-08,.232730610352E+01,.348128378391E-05,.363646983169E-02,.104811042547E-04,.515366322327E+04,.252000000000E+06,.558793544769E-07,.271562663629E+01,.316649675369E-07,.969213625489E+00,.182656250000E+03,.167270360396E+01,-.783425489959E-08,.230009580822E-09,.100000000000E+01,.197700000000E+04,.000000000000E+00,.000000000000E+00,.000000000000E+00,-.116415321827E-07,.600000000000E+02,.244806000000E+06,.000000000000E+00
07,2017-11-28 22:00:00,.273205805570E-03,-.522959453519E-11,.000000000000E+00,.920000000000E+02,.451250000000E+02,.494949188049E-08,.986884736693E+00,.251270830631E-05,.110767540755E-01,.463053584099E-05,.515370996094E+04,.252000000000E+06,.130385160446E-07,-.261865495068E+01,.119209289551E-06,.960620251586E+00,.290593750000E+03,-.254651091738E+01,-.857392856711E-08,-.960754304987E-10,.100000000000E+01,.197700000000E+04,.000000000000E+00,.000000000000E+00,.000000000000E+00,-.111758708954E-07,.920000000000E+02,.244806000000E+06,.000000000000E+00
01,2017-11-28 22:00:00,-.133435241878E-04,-.250111042988E-11,.000000000000E+00,.900000000000E+01,-.562500000000E+00,.458697678028E-08,.164149733038E+01,-.912696123123E-07,.713491823990E-02,.484287738800E-05,.515367449760E+04,.252000000000E+06,-.912696123123E-07,.508807094841E+00,.987201929092E-07,.969379439939E+00,.290468750000E+03,.630097880026E+00,-.827534470132E-08,.205722854897E-09,.100000000000E+01,.197700000000E+04,.000000000000E+00,.000000000000E+00,.000000000000E+00,.558793544769E-08,.900000000000E+01,.244806000000E+06,.000000000000E+00
28,2017-11-28 22:00:00,.666514039040E-03,.341060513165E-11,.000000000000E+00,.810000000000E+02,-.365000000000E+02,.390444835023E-08,-.154180298160E+01,-.167824327946E-05,.200137970969E-01,.773370265961E-05,.515366729736E+04,.252000000000E+06,-.167638063431E-07,-.150649057053E+01,.545755028725E-06,.987127197810E+00,.245562500000E+03,-.154812478458E+01,-.786032741419E-08,-.432875173846E-09,.100000000000E+01,.197700000000E+04,.000000000000E+00,.100000000000E+01,.000000000000E+00,-.111758708954E-07,.810000000000E+02,.244806000000E+06,.000000000000E+00
24,2017-11-28 22:00:00,-.427896156907E-04,-.454747350886E-12,.000000000000E+00,.500000000000E+01,.515937500000E+02,.533915096850E-08,.193396531719E+01,.273622572422E-05,.636541913263E-02,.458583235741E-05,.515366500664E+04,.252000000000E+06,-.158324837685E-06,-.267529133404E+01,.949949026108E-07,.943702391050E+00,.282125000000E+03,.482577389148E+00,-.863250243552E-08,.478591363823E-10,.100000000000E+01,.197700000000E+04,.000000000000E+00,.000000000000E+00,.000000000000E+00,.279396772385E-08,.500000000000E+01,.248046000000E+06,.000000000000E+00
05,2017-11-28 22:00:00,-.213272869587E-04,.113686837722E-11,.000000000000E+00,.940000000000E+02,-.558125000000E+02,.492341936589E-08,-.169942821191E+01,-.308454036713E-05,.527986139059E-02,.832416117191E-05,.515359732246E+04,.252000000000E+06,.651925802231E-07,.153226011242E+01,-.223517417908E-07,.946863038726E+00,.206218750000E+03,.631387334057E+00,-.821498504424E-08,-.180007498035E-09,.100000000000E+01,.197700000000E+04,.000000000000E+00,.000000000000E+00,.000000000000E+00,-.107102096081E-07,.940000000000E+02,.248856000000E+06,.000000000000E+00
17,2017-11-29 00:00:00,-.141518656164E-03,.238742359215E-11,.000000000000E+00,.440000000000E+02,.115000000000E+02,.390516266570E-08,-.141865096085E+01,.735744833946E-06,.121918850346E-01,.947527587414E-05,.515372430229E+04,.259200000000E+06,.147148966789E-06,-.494647371774E+00,.268220901489E-06,.981734396081E+00,.210000000000E+03,-.182675073123E+01,-.777318092704E-08,.140005831805E-09,.100000000000E+01,.197700000000E+04,.000000000000E+00,.000000000000E+00,.000000000000E+00,-.111758708954E-07,.440000000000E+02,.252006000000E+06,.000000000000E+00
02,2017-11-29 00:00:00,.268917996436E-03,-.989075488178E-11,.000000000000E+00,.410000000000E+02,.281250000000E+00,.485663086960E-08,.311644620070E+01,.614672899246E-07,.173532572808E-01,.476092100143E-05,.515362998199E+04,.259200000000E+06,.191852450371E-06,.451433757719E+00,-.201165676117E-06,.948421322972E+00,.277125000000E+03,-.193418998776E+01,-.810033741157E-08,.253224833545E-09,.100000000000E+01,.197700000000E+04,.000000000000E+00,.000000000000E+00,.000000000000E+00,-.204890966415E-07,.410000000000E+02,.252006000000E+06,.000000000000E+00
24,2017-11-29 00:00:00,-.427933409810E-04,-.454747350886E-12,.000000000000E+00,.460000000000E+02,.525625000000E+02,.523378943691E-08,.298417211477E+01,.273808836937E-05,.636545557063E-02,.463053584099E-05,.515366484451E+04,.259200000000E+06,-.782310962677E-07,-.267535308089E+01,-.109896063805E-06,.943703777896E+00,.281812500000E+03,.482562632693E+00,-.845320925295E-08,.106790162525E-09,.100000000000E+01,.197700000000E+04,.000000000000E+00,.000000000000E+00,.000000000000E+00,.279396772385E-08,.460000000000E+02,.252006000000E+06,.000000000000E+00
06,2017-11-29 00:00:00,.411599408835E-03,.136424205266E-11,.000000000000E+00,.660000000000E+02,-.450000000000E+01,.450733060555E-08,.298223072885E+01,-.102445483208E-06,.678914017044E-03,.516697764397E-05,.515379094887E+04,.259200000000E+06,.186264514923E-07,.500409065852E+00,-.130385160446E-07,.969133675553E+00,.284812500000E+03,-.129111718154E+01,-.816319717279E-08,.230723896291E-09,.100000000000E+01,.197700000000E+04,.000000000000E+00,.000000000000E+00,.000000000000E+00,.465661287308E-08,.660000000000E+02,.252006000000E+06,.000000000000E+00
19,2017-11-29 00:00:00,-.472970306873E-03,.216004991671E-11,.000000000000E+00,.890000000000E+02,.406250000000E+01,.394409285873E-08,.156822963849E+01,.596046447754E-07,.980650598649E-02,.973790884018E-05,.515369246864E+04,.259200000000E+06,-.191852450371E-06,-.447274336371E+00,-.137835741043E-06,.979137593605E+00,.208156250000E+03,.109725593999E+01,-.785354141724E-08,.141077305007E-09,.100000000000E+01,.197700000000E+04,.000000000000E+00,.000000000000E+00,.000000000000E+00,-.153668224812E-07,.890000000000E+02,.252006000000E+06,.000000000000E+00
30,2017-11-29 00:00:00,.124650541693E-03,-.272848410532E-11,.000000000000E+00,.390000000000E+02,.454375000000E+02,.528772025477E-08,.208959780439E+01,.238977372646E-05,.300964072812E-02,.397115945816E-05,.515359799767E+04,.259200000000E+06,-.447034835815E-07,-.258250570805E+01,.113621354103E-06,.946274511172E+00,.296750000000E+03,-.306763289904E+01,-.860000108171E-08,.982183769039E-10,.100000000000E+01,.197700000000E+04,.000000000000E+00,.000000000000E+00,.000000000000E+00,.372529029846E-08,.390000000000E+02,.252006000000E+06,.000000000000E+00
05,2017-11-29 00:00:00,-.213189050555E-04,.113686837722E-11,.000000000000E+00,.950000000000E+02,-.555937500000E+02,.488306054193E-08,-.649153137022E+00,-.277720391750E-05,.528045883402E-02,.807829201221E-05,.515359815979E+04,.259200000000E+06,.465661287308E-07,.153220098127E+01,.800937414169E-07,.946861236411E+00,.213875000000E+03,.631342751628E+00,-.830856037060E-08,-.218580533328E-09,.100000000000E+01,.197700000000E+04,.000000000000E+00,.000000000000E+00,.000000000000E+00,-.107102096081E-07,.950000000000E+02,.252006000000E+06,.000000000000E+00
13,2017-11-29 00:00:00,-.943746417761E-04,-.341060513165E-12,.000000000000E+00,.650000000000E+02,.645625000000E+02,.428946438769E-08,-.290558567699E+01,.321678817272E-05,.363719183952E-02,.101644545794E-04,.515366172028E+04,.259200000000E+06,.149011611938E-07,.271557047194E+01,.130385160446E-07,.969215168868E+00,.187156250000E+03,.167259632964E+01,-.781961143249E-08,.199651173416E-09,.100000000000E+01,.197700000000E+04,.000000000000E+00,.000000000000E+00,.000000000000E+00,-.116415321827E-07,.650000000000E+02,.252006000000E+06,.000000000000E+00
28,2017-11-29 00:00:00,.666538253427E-03,.341060513165E-11,.000000000000E+00,.930000000000E+02,-.471875000000E+02,.410517099685E-08,-.491670302762E+00,-.244751572609E-05,.200127920834E-01,.790692865849E-05,.515366467476E+04,.259200000000E+06,-.257045030594E-06,-.150655027076E+01,.763684511185E-07,.987122956811E+00,.245937500000E+03,-.154807521799E+01,-.828641659108E-08,-.284654714154E-09,.100000000000E+01,.197700000000E+04,.000000000000E+00,.200000000000E+01,.000000000000E+00,-.111758708954E-07,.930000000000E+02,.252006000000E+06,.000000000000E+00
12,2017-11-29 00:00:00,.362757593393E-03,-.170530256582E-11,.000000000000E+00,.770000000000E+02,-.372500000000E+02,.397087968879E-08,.144884892838E+01,-.203959643841E-05,.661339808721E-02,.786595046520E-05,.515368505478E+04,.259200000000E+06,-.152736902237E-06,-.152984190591E+01,.763684511185E-07,.987834723510E+00,.242718750000E+03,.907358998710E+00,-.791568686299E-08,-.394302138552E-09,.100000000000E+01,.197700000000E+04,.000000000000E+00,.000000000000E+00,.000000000000E+00,-.125728547573E-07,.770000000000E+02,.252396000000E+06,.000000000000E+00
20,2017-11-29 00:00:00,.494100153446E-03,.102318153949E-11,.000000000000E+00,.440000000000E+02,-.553125000000E+02,.535843748614E-08,-.245869041341E+01,-.282935798168E-05,.465404707938E-02,.744313001633E-05,.515375862122E+04,.259200000000E+06,.149011611938E-07,.144805444830E+01,.819563865662E-07,.927162841128E+00,.211562500000E+03,.172938064621E+01,-.843356557757E-08,-.189650756858E-09,.100000000000E+01,.197700000000E+04,.000000000000E+00,.000000000000E+00,.000000000000E+00,-.838190317154E-08,.440000000000E+02,.256356000000E+06,.000000000000E+00
25,2017-11-29 00:00:00,-.497224740684E-03,-.625277607469E-11,.000000000000E+00,.540000000000E+02,-.413750000000E+02,.432446584565E-08,.101412739612E+01,-.212714076042E-05,.673428375740E-02,.736117362976E-05,.515372300339E+04,.259200000000E+06,-.372529029846E-08,-.158742204259E+01,.126659870148E-06,.975609665716E+00,.244718750000E+03,.804865160150E+00,-.816426864599E-08,-.453233164695E-09,.100000000000E+01,.197700000000E+04,.000000000000E+00,.000000000000E+00,.000000000000E+00,.558793544769E-08,.540000000000E+02,.258186000000E+06,.000000000000E+00
