,prn,epoch_time,sv_clock_bias,sv_clock_drift,sv_clock_drift_rate,iode,correction_radius_sine,mean_motion,mean_anomaly,correction_latitude_cosine,essentricity,correction_latitude_sine,sqrt_semi_major_axis,time_of_ephemeris,correction_inclination_cosine,OMEGA,correction_inclination_sine,inclination,correction_radius_cosine,omega,OMEGA_dot,inclination_rate,codes,gps_week,l2_p_data_flag,sv_accuracy,sv_health,tgd,iodc,t_tx,fit_interval
0,2,2017-11-04 02:00:00,0.0002897987952230386,-9.54969436862e-12,0.0,37.00136304703901,63.36965384426745,4.858228843239086e-09,-3.013861250768244,3.3719709981201378e-06,0.017210317878970226,7.365538085390301e-06,5153.615177990938,525596.4851233584,2.1129039676401476e-07,0.9507735812859174,-1.432228818910461e-07,0.947845408398236,225.74752439456952,-1.9423434637468644,-7.987390292477149e-09,6.834207842441193e-10,1.0,1973.0,0.0,0.0,0.0,-2.04890966415e-08,36.88853985277812,518602.696143529,0.0
1,2,2017-11-04 04:00:00,0.00028973012278408084,-9.54969436862e-12,0.0,38.00013246635042,64.5665827385339,4.905273905232954e-09,-1.963554283777977,3.463450223674256e-06,0.017210239938925946,7.559223387479816e-06,5153.615433013225,532797.2889351904,3.0628636637414644e-07,0.9507144077146981,-1.721281943913767e-08,0.9478482418777063,224.7163091529383,-1.9423462506359919,-8.021947070783247e-09,7.295456770237045e-10,1.0,1973.0,0.0,0.0,0.0,-2.04890966415e-08,37.88796633244732,525803.0211772915,0.0
2,2,2017-11-04 06:00:00,0.0002896608511598464,-9.54969436862e-12,0.0,39.00062299577014,69.93153784926868,5.187412266648131e-09,-0.9135200034624448,3.915023604491927e-06,0.017209878734975845,8.2932642909004e-06,5153.614331979889,539996.9568667919,-2.1700595020769384e-08,0.9506556203612382,4.496607884935235e-07,0.9478499990904045,215.06093563872446,-1.9422684910098449,-8.541642202641465e-09,5.888608440929783e-10,1.0,1973.0,0.0,0.0,0.0,-2.04890966415e-08,38.88872726271207,533002.311998977,0.0
3,2,2017-11-04 21:59:44,0.00028910873376019106,-9.54969436862e-12,0.0,41.00014203387012,65.3456019890755,5.026316580613578e-09,1.202641999325379,3.3932280639016884e-06,0.017208941060533795,9.883874112973383e-06,5153.616164415515,597581.3663972764,-2.9441170349312213e-07,0.9501620307801738,1.1239225934875266e-08,0.947882657280029,181.68428296677325,-1.942073062991558,-8.499631386588406e-09,7.881667109160502e-10,1.0,1973.0,0.0,0.0,0.0,-2.04890966415e-08,40.88897994455121,595462.7069887979,0.0
4,2,2017-11-05 00:00:00,0.00028903982555537514,-9.54969436862e-12,0.0,42.0003274390641,65.21207732176815,4.765667681491087e-09,2.255197159185692,3.242312299974688e-06,0.01720873485522513,9.550438966681038e-06,5153.616000953126,604796.5820241114,1.636270591593274e-07,0.9501007961984868,-3.2100418895404473e-07,0.9478900368637595,182.56017124657842,-1.9420792035597025,-7.948143953322248e-09,8.938654832510682e-10,1.0,1973.0,0.0,0.0,0.0,-2.04890966415e-08,41.88802332684235,597802.6174992059,0.0
5,25,2017-11-04 02:00:00,-0.0004837290361876361,-6.25277607469e-12,0.0,2.56858487776492,-120.30008951284624,4.752134958438927e-09,1.1779053425420942,-6.252235125628405e-06,0.006648198841504765,2.0407028230135317e-06,5153.438323530964,525523.8301789744,-1.0929532526034693e-08,-1.0882355538255095,1.6046925327479133e-07,0.9757881375884578,360.0167247061858,0.8114875712636883,-8.649441435228094e-09,-5.365724834446711e-10,1.0,1973.0,0.0,0.0439488934731989,0.0,5.58793544769e-09,59.590635307250935,516731.4037691228,0.0
6,25,2017-11-04 04:00:00,-0.0004837741849128591,-6.25277607469e-12,0.0,-1.3853512452989385,-120.20842390685937,4.658940810322304e-09,2.2306014440282675,-6.333441399478377e-06,0.006647889289624921,1.5695403215954017e-06,5153.339790291312,532739.1565969607,-1.392280022378939e-07,-1.0882962413964907,-8.218363185688288e-08,0.9757844950011619,369.34172429419135,0.8115736276311726,-8.444673577638412e-09,-3.8502624852126344e-10,1.0,1973.0,0.0,0.088699485997255,0.0,5.58793544769e-09,61.97542854241151,518289.8993584331,0.0
7,25,2017-11-04 06:00:00,-0.00048381959963822695,-6.25277607469e-12,0.0,-3.6310263168923207,-124.27966106274451,4.688980528823246e-09,-2.999853929547982,-6.498687545615304e-06,0.006648395571519272,1.2057962299862563e-06,5153.278813047138,539952.9710646347,-4.40038180277407e-08,-1.0883548723687078,-1.4824676349413306e-07,0.975780689189154,376.1188639672284,0.81165721746831,-8.457855372667903e-09,-3.517972252498951e-10,1.0,1973.0,0.0,0.04606397180082965,0.0,5.58793544769e-09,62.675215995819975,525500.4064805178,0.0
8,25,2017-11-04 08:00:00,-0.0004838649394341234,-6.25277607469e-12,0.0,-9.393001083293106,-129.5296950220721,4.780095410103524e-09,-1.949913987398547,-6.748464719789123e-06,0.006650069702180545,4.608322584838207e-07,5153.27431518933,547154.5527800501,6.981643713609987e-08,-1.0884138442602942,-1.0353196992309012e-07,0.9757782281567025,390.9611012519379,0.8118386758999404,-8.502248511775995e-09,-2.7744532327885704e-10,1.0,1973.0,0.0,0.07241904094849216,0.0,5.58793544769e-09,63.88970554989436,532700.9692778124,0.0
9,25,2017-11-04 10:00:00,-0.00048391002793797,-6.25277607469e-12,0.0,16.03053856698259,-133.02990322856644,4.835539529648199e-09,-0.8996839147799458,-6.7745088111370194e-06,0.006650189065273701,3.8821355546628013e-07,5153.276026937574,554353.6107913118,1.586672228889371e-07,-1.08847230899381,1.1106493734267511e-07,0.9757749113890852,393.56038176896743,0.8117594302822658,-8.696778272045748e-09,-3.8760285357435115e-10,1.0,1973.0,0.0,0.4585361749922493,0.0,5.58793544769e-09,91.63436405561437,540785.7257652608,0.0
10,25,2017-11-04 12:00:00,-0.00048395525507427317,-6.25277607469e-12,0.0,-29.39532963761911,-131.8116320918604,4.804056820365037e-09,0.15046673769440566,-6.876830432820624e-06,0.006650474645518796,5.35326986430108e-07,5153.277406335827,561554.1474527462,4.3335212380790185e-08,-1.0885329604978506,1.4589222596093298e-07,0.975771687160224,393.4916403187686,0.8117609847563212,-8.74710044146129e-09,-3.968880817884079e-10,1.0,1973.0,0.0,0.5121774260055754,0.0,5.58793544769e-09,51.17774930869676,547087.1188272238,0.0
11,25,2017-11-04 13:59:44,-0.0004839999008045555,-6.25277607469e-12,0.0,-8.219539698334936,-127.96726565413682,4.716158758766396e-09,1.1982595588053142,-6.770719922319608e-06,0.006650924759048769,4.3847407582462876e-07,5153.277622864985,568737.9400443245,-5.290312848551623e-08,-1.0885933725580095,1.1633451859537697e-07,0.9757684347338782,390.99402016657325,0.8117766325067856,-8.719421504779644e-09,-4.411910549562969e-10,1.0,1973.0,0.0,0.12705155109174837,0.0,5.58793544769e-09,63.00110809927071,554291.4692477285,0.0
12,20,2017-11-04 02:00:00,0.0004917166578845192,1.13686837722e-12,0.0,55.97490813751743,-36.616154854637735,5.7527966349817005e-09,-2.2713601351469173,-1.5181695367231732e-06,0.004642211860332208,3.291339626471446e-06,5153.7257322533,525446.2220141111,1.0318936743890621e-08,1.9480358982377015,7.579709824520869e-08,0.9272247300101831,293.4647365050979,1.707128722329435,-8.65513647244628e-09,-3.905054306531361e-10,1.0,1973.0,0.0,0.0,0.0,-8.38190317154e-09,72.27402062686957,520934.8676123395,0.0
13,20,2017-11-04 04:00:00,0.0004917241046427318,1.13686837722e-12,0.0,60.72545362554179,-33.5349317228935,5.717662585605562e-09,-1.2208488550196923,-1.241171910232094e-06,0.004642326594244096,3.2935465691682044e-06,5153.717717018495,532653.7428044623,-9.88031282308771e-08,1.9479665612467492,7.832934021316953e-08,0.9271858385809676,300.0980593261534,1.7068837839795061,-8.757186183282058e-09,-3.8557410880306743e-10,1.0,1973.0,0.0,0.0,0.0,-8.38190317154e-09,78.57969205053523,526753.2048603671,0.0
14,20,2017-11-04 06:00:00,0.0004917320008126395,1.13686837722e-12,0.0,65.35230499130478,-39.0349905433957,5.774979659314669e-09,-0.17081623877909613,-1.529914121366966e-06,0.004641239992547805,3.0495254978006467e-06,5153.712543811622,539853.5148328631,-1.7639901428176198e-07,1.9479030007872613,-1.1647138962788195e-08,0.9271829293008212,306.9120912001541,1.7070026937851253,-8.766689372723928e-09,-4.256983629385302e-10,1.0,1973.0,0.0,0.0,0.0,-8.38190317154e-09,84.3857993080088,533902.8445109071,0.0
15,20,2017-11-04 08:00:00,0.0004917402471559763,1.13686837722e-12,0.0,70.0110039428294,-37.1298969932723,5.91958716469539e-09,0.8793125433744173,-1.7255202374544127e-06,0.004640529189769924,2.947099506232911e-06,5153.710917178157,547053.6315372254,5.658512004130538e-08,1.9478406991937183,-1.2150351054724946e-07,0.9271786650200425,313.37917714782856,1.707005323526677,-8.857332872836317e-09,-6.157651113773746e-10,1.0,1973.0,0.0,0.0,0.0,-8.38190317154e-09,90.15673177071787,541103.1435079161,0.0
16,20,2017-11-04 10:00:00,0.0004917480889354741,1.13686837722e-12,0.0,86.93754842046529,-38.659713514378254,6.000084702519172e-09,1.9294562916011335,-1.8316687377974002e-06,0.0046405639913462,2.5596614011839704e-06,5153.708546246142,554253.4105994643,1.199356640334661e-07,1.9477778541150579,-5.1296010328228425e-08,0.9271744819943922,313.5664476093529,1.7070038078384195,-8.809516826089843e-09,-6.282571941361511e-10,1.0,1973.0,0.0,0.0,0.0,-8.38190317154e-09,108.62372979521243,548351.945140966,0.0
17,28,2017-11-04 02:00:00,0.0006596077752759459,3.3610951926763565e-12,0.0,83.6044314112191,-111.92988307567215,4.384320490732767e-09,-0.33239451666212294,-5.784663317902209e-06,0.019986811692331432,4.86092642887867e-06,5153.6282134577505,525598.7663222093,-2.741683074488339e-07,-1.007663015917488,-4.0680281069499005e-08,0.987324247559054,301.6487318053587,-1.556188763096238,-8.624967938412057e-09,-4.044194738352413e-10,1.0,1973.0,0.0,1.4274651171330537,0.0,-1.11758708954e-08,76.83762472867156,518511.46358036087,0.0
18,28,2017-11-04 18:00:00,0.0006598963274831906,3.4162681040578452e-12,0.0,59.19488828314876,-138.23798052370404,4.164215529784268e-09,1.7862700147199684,-7.249637583571171e-06,0.01999505050269535,4.776738452907486e-06,5153.165848722882,583266.765101595,2.0837654612114147e-07,-1.0081323548520174,-8.15630121529432e-07,0.9873013737200292,303.8306409575241,-1.5557388580335185,-8.260112991970985e-09,-4.2713035811117883e-10,1.0,1973.0,0.0,1.075966525388662,0.0,-1.11758708954e-08,27.65819045525003,582322.8025841748,0.0
19,28,2017-11-04 20:00:00,0.0006599196335253792,3.4183636352872386e-12,0.0,58.864236840287774,-140.38255876678474,4.1391267717780796e-09,2.8365370649845123,-6.906826275534586e-06,0.01999562331684353,4.935198936264997e-06,5153.161904728303,590468.3537649377,2.2487158208432792e-07,-1.0081878350547941,-4.4846185066152873e-07,0.9872983624072531,298.4881269138345,-1.5558000272688672,-7.987331642546187e-09,-5.493336515806636e-10,1.0,1973.0,0.0,1.164943301289031,0.0,-1.11758708954e-08,25.194884261589085,584991.7371428782,0.0
20,28,2017-11-04 22:00:00,0.0006599429377077383,3.4199644208945984e-12,0.0,76.27969994941553,-130.65950897174702,4.173572929102509e-09,-2.3965682581124974,-6.406748296066574e-06,0.019995796624826014,4.966814100117439e-06,5153.159584109515,597667.9466903433,1.8172203085963645e-07,-1.0082443701182129,-3.0854650390491115e-07,0.9872945453696347,296.70528559970523,-1.5557698039964927,-7.975858633493403e-09,-4.1540703230169666e-10,1.0,1973.0,0.0,1.8597763804131902,0.0,-1.11758708954e-08,40.93584063947572,592192.2994454606,0.0
21,28,2017-11-05 00:00:00,0.0006599667727679943,3.4219874871742352e-12,0.0,75.41308461010357,-121.81036714165266,4.41166733785231e-09,-1.3463584606509627,-5.853927677653509e-06,0.01999690150995749,5.333786252946801e-06,5153.160218145679,604866.9537388827,-2.0466289950720525e-07,-1.0083004529263426,4.4368043248166215e-08,0.9872885486473376,293.26953689557257,-1.5557020077953503,-8.468255083825006e-09,-5.209277723594869e-10,1.0,1973.0,0.0,1.8823250757758885,0.0,-1.11758708954e-08,38.358489934515575,599392.2873867768,0.0
22,30,2017-11-04 02:00:00,0.00013038528932327514,-2.50111042988e-12,0.0,50.35714036304263,107.42006782108102,5.263967375840981e-09,2.220709426972679,5.64083406767739e-06,0.0030339621314933534,3.268706762131843e-06,5153.54857575689,525577.6744311407,-2.382781162354595e-08,-2.082945749357013,1.4516275058917543e-07,0.9462800369610401,310.3904215212459,-3.054547882982063,-8.662129983008471e-09,5.045243688225368e-10,1.0,1973.0,0.0,-0.026132936911605203,0.0,3.72529029846e-09,51.45534634471993,518524.2217910396,0.0
23,30,2017-11-04 18:00:00,0.0001302206708577248,-2.50111042988e-12,0.0,96.38499193476872,99.1192496500859,5.014581494782677e-09,-1.9096770124282618,5.173171933529112e-06,0.0030351742368695763,3.516462504719015e-06,5152.499997699003,583300.149566571,-1.749243424672015e-08,-2.0828024384529074,-6.872091594522804e-08,0.9461799593844319,312.1643438786369,-3.0550316479807895,-8.455711806018014e-09,5.399225902546418e-10,1.0,1973.0,0.0,-0.19292698447061435,0.0,3.72529029846e-09,99.45918987679424,585035.7351118663,0.0
24,30,2017-11-04 20:00:00,0.00013020213995691018,-2.50111042988e-12,0.0,111.45191599980794,100.21314730584619,5.04300386674363e-09,-0.8596417805814992,5.23467823504474e-06,0.0030351561786198787,3.2849783721997166e-06,5152.496346294378,590499.662058906,3.742795015155233e-08,-2.082865381022173,-7.658096740133312e-08,0.9461827088479935,316.16116820236425,-3.054842886207097,-8.483195027995276e-09,4.908634070211111e-10,1.0,1973.0,0.0,0.40176081765424654,0.0,3.72529029846e-09,115.15530313790933,585096.8569000242,0.0
25,30,2017-11-04 22:00:00,0.00013018367634064,-2.50111042988e-12,0.0,120.5348118513616,96.18046500193567,5.0736807138867805e-09,0.19071066943584092,5.005430867813703e-06,0.003035668731922196,3.1219540262460426e-06,5152.503857023019,597700.5859870483,4.3499647419867623e-08,-2.082926514086517,-1.1334707661248087e-08,0.9461844141805347,318.8577181665962,-3.0549713809985977,-8.516966236289552e-09,4.673061478150916e-10,1.0,1973.0,0.0,0.9175665388878327,0.0,3.72529029846e-09,124.73643947118863,592293.5627738227,0.0
26,30,2017-11-05 00:00:00,0.00013016542603723198,-2.50111042988e-12,0.0,78.88158458689819,97.18577427672393,5.103608833709159e-09,1.2417786646646438,5.274422505043897e-06,0.0030356647904926683,3.2039981426368057e-06,5152.504243266684,604900.3749232839,7.15714603182596e-08,-2.0829922455159355,-1.8845269068408e-09,0.9461882878976178,315.93759648317285,-3.054889025772776,-8.500305325141906e-09,4.764593597111386e-10,1.0,1973.0,0.0,0.08937744877855416,0.0,3.72529029846e-09,83.12023091082277,599509.2143144328,0.0
27,6,2017-11-04 02:00:00,0.0004081280275854105,1.93267624127e-12,0.0,73.55935976915382,60.01879738315112,4.526625806027328e-09,3.0997498368084395,3.2378081647105155e-06,0.0005985810058433508,7.256621387371495e-06,5153.768634688457,525665.1619034996,3.301496026588363e-09,0.9992303449402437,9.852318570317466e-09,0.968560880135523,245.57527306288287,-1.2327849934018862,-8.072379004668686e-09,6.372425309518928e-10,1.0,1973.0,0.0,0.0,0.0,4.656612873080001e-09,59.6762601988776,517946.3346873192,0.0
28,6,2017-11-04 04:00:00,0.0004081416260439981,1.93267624127e-12,0.0,93.80958513184018,68.02790203868256,4.630097704207225e-09,-2.1340660910253493,3.4577031373472257e-06,0.0005991470581903156,7.413089886447979e-06,5153.771552475748,532864.9225529933,4.274715962172766e-08,0.999172802703107,6.035976364321119e-08,0.9685671989233477,243.16873389323897,-1.232039720777467,-8.098288264147198e-09,6.027899755476777e-10,1.0,1973.0,0.0,0.0,0.0,4.656612873080001e-09,79.80178405668873,525146.4605938059,0.0
29,6,2017-11-04 22:00:00,0.0004082652450498978,1.93267624127e-12,0.0,61.64902346119841,68.80142325842354,4.507287074403673e-09,1.0302147699670487,3.6627753545993606e-06,0.000599230705297408,8.679680387400877e-06,5153.769936213586,597663.8545528165,-1.1349418315667743e-08,0.9986374254369678,-2.2741115083675862e-08,0.9686009646651974,213.23472399595033,-1.2283982459810756,-8.048299614771161e-09,8.691009775690168e-10,1.0,1973.0,0.0,0.0,0.0,4.656612873080001e-09,35.299818557049676,591026.431513342,0.0
30,6,2017-11-05 00:00:00,0.00040827923999061104,1.93267624127e-12,0.0,64.218088576263,69.70913950571993,4.420269949942396e-09,2.0798566851713183,3.6825674712929997e-06,0.0005992486217146184,8.679693758165608e-06,5153.7699150119815,604866.2811757424,4.711699090338001e-08,0.9985788098048535,4.768341355260962e-08,0.968606142556874,215.23183882167842,-1.2279132610291996,-7.957718346543078e-09,8.474145919123075e-10,1.0,1973.0,0.0,0.0,0.0,4.656612873080001e-09,36.38729739958309,597146.6920912893,0.0
31,17,2017-11-04 02:00:00,-0.0001468662190758957,2.387427358961375e-12,0.0,73.90852540362368,-64.41210724652773,3.6944167258083006e-09,-1.2453665263040101,-3.225806072336127e-06,0.012069551708285138,1.2931728302119658e-05,5153.639212564558,525599.5251440948,1.0038012489645113e-07,0.00395933405265395,2.746157653283058e-07,0.9816659593925059,143.5459322842267,-1.83578363337584,-7.606711157694278e-09,-2.4994065797727926e-11,1.0,1973.0,0.0,0.0,0.0,-1.11758708954e-08,73.88694306590301,518425.7906703939,0.0
32,17,2017-11-04 04:00:00,-0.0001468441550877239,2.387429391417847e-12,0.0,78.81418077464208,-75.34216319342951,3.854803741375731e-09,-0.19539374143701038,-3.7924273304652372e-06,0.012068800237499861,1.3250207923989212e-05,5153.461511053141,532804.5343322518,-6.747742152487656e-08,0.003902588655229681,7.212029289772382e-08,0.981630519606938,138.72364790576592,-1.835587220324764,-7.82392345079231e-09,2.6550983668319057e-11,1.0,1973.0,0.0,0.0,0.0,-1.11758708954e-08,78.70079920172918,525656.6260826924,0.0
33,17,2017-11-04 20:00:00,-0.0001467110861841553,2.5011481920890594e-12,0.0,90.63175962139857,-106.4326063746647,3.4913035761521328e-09,1.9328817642893212,-5.528356975312481e-06,0.012077451244612262,1.5040462254472245e-05,5153.492976327621,590405.7326837541,1.6576883056615466e-08,0.0034631661886120263,-3.296267663431453e-07,0.9816488836591193,96.21035682091949,-1.8354365052777768,-7.441240308202608e-09,1.1857244645600778e-10,1.0,1973.0,0.0,0.0,0.0,-1.11758708954e-08,91.98588976096734,583992.2249822703,0.0
34,17,2017-11-04 21:59:44,-0.0001466936681660182,2.5011254287912895e-12,0.0,107.74992214727398,-102.89156070667259,3.3723394434512196e-09,2.9820113269825392,-5.27160383896596e-06,0.012076657277661355,1.5014363826324176e-05,5153.47580103885,597588.8414045585,1.0384765442865953e-07,0.0034110580769543633,-7.173356884915733e-08,0.9816494171707804,94.67036024333913,-1.8353922322243084,-7.222604570939107e-09,3.026896051512916e-11,1.0,1973.0,0.0,0.0,0.0,-1.11758708954e-08,109.46913451862137,590439.6266815393,0.0
35,17,2017-11-05 00:00:00,-0.00014667648039968102,2.5011154031583645e-12,0.0,111.36757739592711,-102.02189693160767,3.5392822230037085e-09,-2.260627004734504,-5.263545861168294e-06,0.012080521379491553,1.3716138217682764e-05,5153.463238192242,604804.5960068586,1.611493739093204e-07,0.00335880334006838,-1.253469098659596e-07,0.9816488986407856,125.21135754031413,-1.8352661982567748,-7.243774536135551e-09,-2.437692091954045e-11,1.0,1973.0,0.0,0.0,0.0,-1.11758708954e-08,112.89766197804894,597659.4326509433,0.0
36,24,2017-11-04 02:00:00,-4.1777855397771614e-05,-4.1976853133107374e-13,0.0,54.22943717304512,136.91381037991047,5.1316328049233315e-09,3.147325500733965,7.061509418461644e-06,0.006181850866391922,4.723102818670234e-06,5153.682868250055,525606.5596676555,-3.870309545876738e-08,-2.175771370672836,-1.0851997269558282e-07,0.9437326326315021,281.1391705843779,0.4732414148711609,-8.490504385810577e-09,5.398787166316365e-10,1.0,1973.0,0.0,1.1109702853500765,0.0,2.79396772385e-09,81.5375340121095,518097.6456197254,0.0
37,24,2017-11-04 04:00:00,-4.178106922501637e-05,-4.181179080967139e-13,0.0,55.080879937094714,134.03552365664063,5.112634854977507e-09,-2.086358418753006,6.778255187564129e-06,0.006181990786008053,4.920033713639429e-06,5153.697851345404,532819.8634360582,8.955762819530072e-08,-2.1757683597691813,-1.236155816622102e-07,0.94373643061309,277.2263313806705,0.4731630201022703,-8.542387317125918e-09,6.219064167503718e-10,1.0,1973.0,0.0,1.1672062907483705,0.0,2.79396772385e-09,85.85155640889565,525291.1028931465,0.0
38,24,2017-11-04 06:00:00,-4.17846680903443e-05,-4.18689948289554e-13,0.0,69.68335637891201,133.19027683374406,5.073484071235885e-09,-1.0360928939059402,6.932989045854089e-06,0.006181788264027988,4.998181243513361e-06,5153.701347332006,540020.0827498017,1.5004566462084613e-07,-2.175830621780829,-4.0475670985066024e-08,0.9437388729013768,272.9780581912273,0.4731071779608687,-8.571400361477287e-09,6.133964629564121e-10,1.0,1973.0,0.0,1.0910190861621314,0.0,2.79396772385e-09,101.58798018806829,532491.0906737619,0.0
39,24,2017-11-04 08:00:00,-4.1788555450792736e-05,-4.1871111640971503e-13,0.0,70.17873855720786,137.3491028914006,5.1209281028334685e-09,0.014017465835547194,7.199305586551577e-06,0.006181365449015317,5.311181025562064e-06,5153.705205460561,547220.416993804,4.6648891785585185e-08,-2.1758971467425723,4.044032595667211e-08,0.9437427635890439,268.6315871939703,0.4731882140160895,-8.694565433101095e-09,5.913592070244755e-10,1.0,1973.0,0.0,1.1678906700570488,0.0,2.79396772385e-09,105.44594417299034,539691.8085585621,0.0
40,24,2017-11-04 09:59:44,-4.179237043976723e-05,-3.8009862799617074e-13,0.0,32.373006297768256,153.4816678678289,5.0170049576666725e-09,1.0553471948120003,7.90760425744428e-06,0.006183500873950417,5.493624848040478e-06,5153.737332758106,554406.2941985519,-2.4458992532920452e-08,-2.1759721644780066,3.7859498184230554e-08,0.9437523847648457,263.8688546749079,0.47332674295298743,-8.664790858198464e-09,5.441321723355101e-10,1.0,1973.0,0.0,0.45344681390764924,0.0,2.79396772385e-09,68.99144597348146,546878.8510923455,0.0
41,24,2017-11-05 00:00:00,-4.1815489207552186e-05,-3.7850308477553597e-13,0.0,52.89345515889434,178.5965190628094,5.114769627544816e-09,2.1322862398657745,9.233322579812582e-06,0.006185326219303577,6.128867015583149e-06,5153.703643565313,604820.2170569968,-1.61451874938082e-07,-2.1763945853340476,-1.4486658101747245e-08,0.9437651423055212,251.7889495240892,0.47320547382955985,-8.579482207607959e-09,6.512740594574231e-10,1.0,1973.0,0.0,0.1596632446198608,0.0,2.79396772385e-09,105.95448300509163,599601.1878220086,0.0
42,19,2017-11-04 02:00:00,-0.00047760307691621537,2.160047811330356e-12,0.0,31.80529229176609,-65.97692176183536,3.6984392177427533e-09,1.7360117426094113,-3.6252807295150584e-06,0.00986915717464525,1.3759814737800263e-05,5153.712088233765,525604.1951084475,-1.69465766108648e-07,0.05137284657746877,-1.88045840540025e-07,0.9790483982573123,129.4601883926941,1.0884134241240147,-7.593971911606594e-09,1.9348519792537973e-11,1.0,1973.0,0.0,0.0,0.0,-1.53668224812e-08,31.40585090024171,518404.32372828183,0.0
43,19,2017-11-04 04:00:00,-0.0004776205406603208,2.160048822916519e-12,0.0,19.20318774037807,-72.40757139279577,3.77752077672197e-09,2.7863057791742603,-3.829092480538571e-06,0.009870209968280084,1.3682620410465602e-05,5153.713370639582,532805.276493248,4.3235633721030824e-08,0.05131879450148243,-1.7475703341444236e-07,0.9790501198119897,120.42793119965155,1.0882621442452578,-7.419531302382669e-09,1.352166712099717e-11,1.0,1973.0,0.0,0.0,0.0,-1.53668224812e-08,30.63805973797795,525595.9407214161,0.0
44,19,2017-11-04 20:00:00,-0.0004774981120225115,2.1600508531811827e-12,0.0,-53.50443382941515,-85.20995980393236,3.6049521904052458e-09,-1.3787691791961931,-4.278557076610878e-06,0.009866292548099334,1.4853979837274282e-05,5153.717957486096,590406.2264122668,2.1303371759635787e-07,0.050881766499681284,1.1325743970171544e-07,0.979067135209671,94.83371758915655,1.0883093687654648,-7.488120988167935e-09,1.6835766634219569e-10,1.0,1973.0,0.0,0.0,0.0,-1.53668224812e-08,-43.30317793723624,586228.2906119088,0.0
45,19,2017-11-04 22:00:00,-0.000477482985673813,2.1600487989555152e-12,0.0,-57.937953394929465,-84.90149748331197,3.5748035615839787e-09,-0.32856685797877794,-4.324516708108761e-06,0.009866854427831183,1.5118977758831797e-05,5153.7184490217105,597603.4452553614,-1.4990372825236305e-08,0.05082666333128884,1.698814971241167e-07,0.9790687879171274,98.36622419965596,1.0882673712141695,-7.676788625608854e-09,1.5262148612839283e-10,1.0,1973.0,0.0,0.0,0.0,-1.53668224812e-08,-47.72646371106354,590393.1610668415,0.0
46,19,2017-11-05 00:00:00,-0.000477467914646098,2.160048527835218e-12,0.0,-50.70523700493235,-96.84392197764635,3.6349173104267064e-09,0.7216166168649292,-4.8957574019570224e-06,0.00986424303017389,1.4399613822164613e-05,5153.712368383184,604806.2342257315,-2.5882991824440613e-07,0.050772638558409994,-3.059478955829264e-08,0.9790707307803297,116.14630291612616,1.0881963375502122,-7.588997607043306e-09,-9.680848371742515e-11,1.0,1973.0,0.0,0.0,0.0,-1.53668224812e-08,-40.48358215897707,597594.3249873855,0.0
47,13,2017-11-04 02:00:00,-9.354476163245332e-05,-3.8253017068602706e-13,0.0,26.533048509460507,74.3182948315842,3.979218976252796e-09,-2.769573534862173,3.668568534921912e-06,0.0035850333238386413,1.3608021368295628e-05,5153.625065281656,525611.5758104711,5.412944495280588e-09,-3.069009425136875,-2.8727277395991753e-08,0.9695852577493644,119.8398466454131,1.6962245633915147,-7.638932593744248e-09,-3.401888860011599e-11,1.0,1973.0,0.0,0.01196367152322475,0.0,-1.1641532182700001e-08,18.840610042953767,519117.91405383864,0.0
48,13,2017-11-04 04:00:00,-9.35485104184347e-05,-3.7571604622963017e-13,0.0,36.095206654691694,62.55977295055159,3.889898613864327e-09,-1.7192356426713689,3.306557412192314e-06,0.003584361299670877,1.3753997962521633e-05,5153.5344281460075,532837.9941151357,-8.084732054700279e-11,-3.0690161361790445,8.380056596080265e-09,0.9696021749998145,118.30956821715093,1.6959627679004523,-7.686626424930214e-09,-4.4061826434847874e-11,1.0,1973.0,0.0,0.06794655800277039,0.0,-1.1641532182700001e-08,28.06655833002326,526329.7948357605,0.0
49,13,2017-11-04 06:00:00,-9.355179835569222e-05,-3.4401046376980896e-13,0.0,38.34643564085342,60.11359042149961,3.919006186228067e-09,-0.6694737926926597,3.108719708206306e-06,0.0035849292249396487,1.4320733661896812e-05,5153.482664252707,540049.745188718,-3.470046662164368e-08,-3.069045337238228,-5.36191508140184e-08,0.9696130093919131,109.2231096616623,1.6961982810937766,-7.751076991796363e-09,-3.170403861756404e-11,1.0,1973.0,0.0,0.007969323500741393,0.0,-1.1641532182700001e-08,30.481117872184612,533537.1166610619,0.0
50,13,2017-11-04 08:00:00,-9.355467875749954e-05,-3.3904355543303315e-13,0.0,52.230616940710505,66.08225424029752,3.810316261614629e-09,0.380921490941373,3.3731834268173846e-06,0.003588139213563781,1.5382601860830003e-05,5153.481293892983,547250.1049666628,-1.77469266717898e-08,-3.069098501082164,-9.054231944246403e-08,0.9696147833635789,85.95102773623678,1.6959691343273442,-7.75152044922052e-09,-5.061252251169098e-11,1.0,1973.0,0.0,0.05648865065023144,0.0,-1.1641532182700001e-08,44.11524285947736,540738.3137810108,0.0
51,13,2017-11-04 19:59:44,-9.357135152921942e-05,-3.3889239011192815e-13,0.0,49.2758844491879,56.95721785208913,3.968953114297872e-09,0.39709788668384705,3.0397783365895657e-06,0.0035908642493217837,1.5793948874615605e-05,5153.483815215926,590434.0431266899,-2.4325212092930502e-08,-3.0694316763982026,-2.5718211747844076e-08,0.9696132304736156,78.00517282601174,1.695345307755557,-7.783161264027976e-09,-1.837422415722796e-10,1.0,1973.0,0.0,0.45529121873423234,0.0,-1.1641532182700001e-08,34.521860893377536,590479.2045249738,0.0
52,13,2017-11-04 21:59:44,-9.357416181626221e-05,-3.42360379470567e-13,0.0,40.65763299492908,70.58262898708222,3.992657922207074e-09,1.447722956841491,3.6395626854698012e-06,0.003589513924023817,1.608484683382665e-05,5153.48367796582,597633.7590032453,-1.3947488992882463e-08,-3.0694896560195626,-1.430332366144033e-07,0.9696129403987537,71.87930388742606,1.69491171814926,-7.677029421260803e-09,-1.257796153353111e-10,1.0,1973.0,0.0,0.395429779556425,0.0,-1.1641532182700001e-08,27.96773255252214,591141.6041304395,0.0
53,13,2017-11-05 00:00:00,-9.357698108350794e-05,-3.3741228031849616e-13,0.0,28.902807400751886,73.7074524172909,3.870669029555745e-09,2.4999726335167893,3.6227655235845644e-06,0.0035894855613428475,1.582579585774775e-05,5153.479335163616,604850.0238529786,3.103023385875422e-08,-3.0695434458362176,-3.831135878095144e-08,0.969613311145182,78.72243011536374,1.6951474146957088,-7.58089252326683e-09,-1.5896369578201917e-10,1.0,1973.0,0.0,0.04584033791643133,0.0,-1.1641532182700001e-08,15.760703135262593,598341.2025199098,0.0
54,5,2017-11-04 02:00:00,-2.3860398795961405e-05,1.25055521494e-12,0.0,57.27577793040197,-51.17089469297156,5.204344411636377e-09,-0.49900414082675304,-2.4995418080339156e-06,0.005264553746783411,5.392232087993848e-06,5153.5796702233165,525595.6120575641,2.940471001689624e-08,2.031658254353621,7.346308636288985e-08,0.9468696351199821,265.3893216131607,0.6198966519984391,-8.549160659124626e-09,-5.211951355739819e-10,1.0,1973.0,0.0,0.0,0.0,-1.07102096081e-08,56.71853698029609,518007.2740572879,0.0
55,5,2017-11-04 04:00:00,-2.3851800037582666e-05,1.25055521494e-12,0.0,71.86374852311035,-51.45242040928041,5.195878050203205e-09,0.5512927735448357,-2.5051778210186085e-06,0.005264622829148873,5.201048985713233e-06,5153.577012177981,532791.7606011035,-5.7610572094903505e-08,2.031596621993571,1.0774820518208181e-07,0.946865139719306,270.5765162549918,0.6198216809499595,-8.532198764735804e-09,-5.598893797744275e-10,1.0,1973.0,0.0,0.0,0.0,-1.07102096081e-08,71.45820979747621,525207.8297157149,0.0
56,5,2017-11-04 06:00:00,-2.3842889280997568e-05,1.25055521494e-12,0.0,85.10861367485398,-53.108247616379174,5.2704990904091465e-09,1.6016732279053798,-2.654196946758948e-06,0.005264126597201966,5.1278170045067964e-06,5153.578154612133,539994.7293834446,-5.447210884849488e-08,2.0315374765535057,-7.783725103883161e-08,0.946861351955375,277.7611854510339,0.6196962244800895,-8.5396218583684e-09,-7.094284075714187e-10,1.0,1973.0,0.0,0.0,0.0,-1.07102096081e-08,84.51502504764476,532407.436682198,0.0
57,5,2017-11-05 00:00:00,-2.3762257933688697e-05,1.25055521494e-12,0.0,51.607056962697825,-38.358138324193014,5.405240256873117e-09,-1.5123606819308457,-2.063702390349746e-06,0.005264425200279867,4.086775536111171e-06,5153.573842175211,604793.9842189709,5.471724824788709e-08,2.0309863690362295,-1.5712566433238993e-08,0.9468246384580653,286.7316256652553,0.6195607181166499,-8.548265957448691e-09,-5.321628149259504e-10,1.0,1973.0,0.0,0.0,0.0,-1.07102096081e-08,50.1243335816907,600328.3489516703,0.0
58,12,2017-11-04 02:00:00,0.00036634333761164696,-1.5916157280999999e-12,0.0,104.77634412890608,-103.44354610904571,4.2770887071170845e-09,1.6059220034015085,-5.4576756898674605e-06,0.006562526713655878,3.853586984187479e-06,5153.628824925278,525602.4208688921,-1.8813209186763236e-07,-1.030984447121909,7.900972299718134e-08,0.9880274827005794,320.83312086413576,0.9095437280448027,-8.238213041613348e-09,-4.800929895143505e-10,1.0,1973.0,0.0,0.051223652693018346,0.0,-1.25728547573e-08,106.13396137776242,518093.51013323414,0.0
59,12,2017-11-04 04:00:00,0.0003663428107727299,-1.5916157280999999e-12,0.0,119.06479669656558,-104.71545187677539,4.1985445538374386e-09,2.655844339475059,-5.558255255034331e-06,0.006561841259734512,3.0937802252721132e-06,5153.531016091074,532813.2640904831,-8.045172129810164e-08,-1.0310639851392431,-6.659974076609364e-08,0.98802460799358,333.16407586596677,0.9097868449726177,-8.097187934176e-09,-4.3307714196711325e-10,1.0,1973.0,0.0,-0.04156299268902175,0.0,-1.25728547573e-08,122.36990088617269,525300.1020624227,0.0
60,12,2017-11-04 06:00:00,0.0003663315433246596,-1.5916157280999999e-12,0.0,135.12630593710315,-113.74826331416955,4.352055254085421e-09,-2.5771822625994574,-5.8358268656694496e-06,0.006563691804924784,2.7754558115062774e-06,5153.523189959047,540013.6386250543,8.198318992320463e-08,-1.0311223682508206,-1.0723624600555622e-07,0.988021175563934,340.4783608715437,0.9098419198099454,-8.193900587905521e-09,-3.203376242378803e-10,1.0,1973.0,0.0,0.0742436345823675,0.0,-1.25728547573e-08,139.03922425967033,532500.1839015229,0.0
61,12,2017-11-04 08:00:00,0.0003663194504178438,-1.5916157280999999e-12,0.0,147.9610226964534,-113.49687391919731,4.3836385533891686e-09,-1.5271717801464377,-5.783621705094978e-06,0.006563813320049465,2.457103353750388e-06,5153.523531170942,547213.459050726,1.7557289414732952e-07,-1.0311800686080443,-2.6686436362058997e-08,0.9880184989055305,347.72268929199436,0.9099108435184924,-8.245840928797974e-09,-3.3749934425754336e-10,1.0,1973.0,0.0,0.34315805491447915,0.0,-1.25728547573e-08,152.3232050711621,539700.5413040059,0.0
62,12,2017-11-05 00:00:00,0.00036622692908921733,-1.5916157280999999e-12,0.0,170.65761062990168,-107.21568629525991,4.428722596688153e-09,0.5907916047321395,-5.5694384959630205e-06,0.006565211790845769,1.324441428832999e-06,5153.525020860017,604813.2971428527,-3.795820837294307e-08,-1.0316476202946536,1.2600218932345506e-07,0.9879904481850419,368.8835493901793,0.9101386850076842,-8.508436909280283e-09,-5.363882028308935e-10,1.0,1973.0,0.0,-0.0057892187760601455,0.0,-1.25728547573e-08,177.6303352646137,603840.4579326492,0.0
63,29,2017-11-04 03:59:44,0.0005425235979995897,-4.77484718431e-12,0.0,60.55022281543561,-91.68892237282226,3.5993695901468314e-09,2.4735918307926403,-4.525095725315896e-06,0.0004933176148042835,1.4427850606286383e-05,5154.078144728626,532516.4428836742,-4.37036559212548e-08,0.014201645762765867,4.91866507021004e-09,0.9829558408012974,116.98008143869724,1.0857915330993408,-7.404107719925899e-09,5.601492338154285e-11,1.0,1973.0,0.0,0.0,0.0,-1.0244548320799999e-08,50.72801334176453,528431.7349548115,0.0
64,29,2017-11-04 06:00:00,0.000542489187453156,-4.77484718431e-12,0.0,61.51486445713052,-105.65691114088945,3.5512184360829145e-09,3.518523160871558,-5.272079806513191e-06,0.0004934671636457027,1.4133500641910774e-05,5154.084403655633,539733.047881679,-3.776621682631856e-08,0.014147109328939181,-2.6108947993511032e-08,0.9829574685608536,122.0738305261201,1.0902033134332756,-7.401229120629467e-09,6.227079245350584e-11,1.0,1973.0,0.0,0.0,0.0,-1.0244548320799999e-08,54.83272771333113,533621.8845195484,0.0
65,29,2017-11-04 08:00:00,0.0005424549118037685,-4.77484718431e-12,0.0,83.86165042391691,-117.75221628535928,3.669948961045642e-09,0.37118910638421854,-5.732168802128071e-06,0.0004951416423722012,1.4392428096073976e-05,5154.078058465324,546932.6061676099,-8.210180726966439e-09,0.014092527071561785,-1.0742669525150203e-07,0.9829585298402213,114.97972418592235,1.0881753396248672,-7.447015599118881e-09,9.360185319128931e-11,1.0,1973.0,0.0,0.0,0.0,-1.0244548320799999e-08,80.26518472761234,540822.4786772773,0.0
66,29,2017-11-04 10:00:00,0.0005424206153934642,-4.77484718431e-12,0.0,87.25632181672107,-120.75111230202066,3.6714156623055883e-09,-0.6664791047574141,-5.813982367080772e-06,0.0004931425801921867,1.5523081725496864e-05,5154.083423190514,554132.600675095,7.0249069450831e-08,0.014037100103342607,4.718513585975115e-08,0.9829598678463407,96.82391569566623,1.085127304917735,-7.463492606803586e-09,2.336693322455268e-10,1.0,1973.0,0.0,0.0,0.0,-1.0244548320799999e-08,88.09748939270264,548021.5802626662,0.0
67,21,2017-11-04 04:00:00,-0.0004653063951119507,3.41060513165e-12,0.0,42.30061534136873,36.93962880559661,4.998246219415223e-09,2.2111075115123238,1.6442527440498875e-06,0.024038217718236023,6.8214376923191616e-06,5153.219597196992,532579.4476459443,5.787584203972788e-07,0.9589895901039138,-2.759424035192515e-07,0.9412843537500176,233.8584240523043,-1.6276292756260125,-7.970013605699045e-09,5.446303390055795e-10,1.0,1973.0,0.0,0.0,0.0,-9.77888703346e-09,67.55898561651095,532838.0182901499,0.0
68,21,2017-11-04 06:00:00,-0.00046527036590966606,3.41060513165e-12,0.0,63.76557641402568,42.713122339893474,5.011058590499742e-09,-3.022475712662679,2.2933903880056372e-06,0.024036065298902433,7.312662847245815e-06,5152.908783672728,539761.284070306,6.402111981926934e-07,0.9589020219986267,-4.390240704522069e-08,0.9412858694639692,227.7105778229999,-1.6276042602826506,-7.930841049557129e-09,6.135622751268418e-10,1.0,1973.0,0.0,0.0,0.0,-9.77888703346e-09,89.8301292806443,538778.7930489484,0.0
69,21,2017-11-04 08:00:00,-0.0004652459310478171,3.41060513165e-12,0.0,66.99464498167256,43.45651041729597,4.950157911102951e-09,-1.9722368273579278,2.6473743206858467e-06,0.024035830683120818,7.383440035209041e-06,5152.910458268115,546960.2475302545,6.029496128204639e-07,0.9588433297381467,1.7569654062992423e-07,0.941289350297901,225.49331683885222,-1.627596552152206,-7.943914041358032e-09,6.850528671017845e-10,1.0,1973.0,0.0,0.0,0.0,-9.77888703346e-09,93.49552433568601,540729.1901730177,0.0
70,21,2017-11-04 10:00:00,-0.0004652212283926804,3.41060513165e-12,0.0,70.22215816389696,41.37136999066609,5.349041401823669e-09,-0.9220827746381932,2.6413475089292595e-06,0.02403550538535804,8.713356202258745e-06,5152.906592560614,554160.594752588,-1.71896897748824e-07,0.9587818398205107,2.965052142695769e-07,0.9412887739702682,210.17889652753277,-1.627509829835425,-8.74480993059976e-09,6.637542491841006e-10,1.0,1973.0,0.0,0.0,0.0,-9.77888703346e-09,97.60798137648969,547929.0594609192,0.0
71,21,2017-11-04 12:00:00,-0.0004651966603349478,3.41060513165e-12,0.0,83.10459770233581,33.39966887885805,5.421175151719243e-09,0.12814419749941341,2.0943026046033633e-06,0.024034962678633188,8.81770079024172e-06,5152.904350196601,561360.89167542,-7.50456665670194e-08,0.958715989374146,-5.743188578938603e-08,0.9412920454594739,208.67994163420911,-1.6274914936344376,-8.88734946679436e-09,7.111118340867581e-10,1.0,1973.0,0.0,0.0,0.0,-9.77888703346e-09,112.72277756628277,555128.7920569781,0.0
72,15,2017-11-04 04:00:00,-0.0003574210129099714,-2.27373675443e-13,0.0,12.603942427563931,5.429621523932762,4.79117800504506e-09,-0.9858625634986018,2.857280688327609e-07,0.009856616660492661,1.3156405750588441e-05,5153.628451037986,533737.6397127095,2.0900521180631518e-07,3.019767424738295,3.928878814741992e-09,0.9292589239833265,102.32769166552367,0.6275713965909184,-8.141173302400467e-09,-2.527632912863725e-10,1.0,1973.0,0.0,0.00587789458318877,0.0,-1.07102096081e-08,13.128420697032292,528361.2778612338,0.0
73,15,2017-11-04 06:00:00,-0.0003574219971905108,-2.27373675443e-13,0.0,10.822612376523653,-3.7894457783160256,4.831592099186685e-09,0.06436030372877999,-1.0350915963817993e-07,0.009855828633465924,1.35011360295957e-05,5153.627346066104,540936.5308172702,6.88038186552462e-08,3.0197104260326206,1.1570429820604783e-07,0.9292575464122218,99.76476229377604,0.6275608573813626,-8.264874852510456e-09,-2.781769864000427e-10,1.0,1973.0,0.0,0.005877894567769715,0.0,-1.07102096081e-08,11.505259202377031,533882.5351329694,0.0
74,15,2017-11-04 08:00:00,-0.0003574233171825844,-2.27373675443e-13,0.0,24.10315809167313,2.242144591791602,4.709032365867234e-09,1.114332521208096,3.062122969536911e-07,0.009857867517694128,1.4732235907525601e-05,5153.632364067466,548138.0988167925,-1.297610172408575e-07,3.0196464778000847,7.791791638982522e-08,0.9292576113251197,76.73350699290681,0.6277771773342321,-8.157890115823187e-09,-4.2544369524122246e-10,1.0,1973.0,0.0,0.005877894586901022,0.0,-1.07102096081e-08,24.89712088871143,541081.1357161897,0.0
75,18,2017-11-04 06:00:00,0.0006322692030793403,5.777655443352824e-13,0.0,71.6036821345022,-62.756598258307434,5.549377272777895e-09,2.3527298085335606,-3.411372633991038e-06,0.018164730626512873,4.835962017721432e-06,5155.0085419896195,539818.0455200768,1.9245036562956392e-07,1.999067630576835,-1.9448860510782553e-07,0.9257174748669771,268.2422787011472,-1.7762245703657442,-8.416886612860474e-09,-4.966926088368739e-10,1.0,1973.0,0.0,0.0,0.0,-1.11758708954e-08,73.00609635245294,538199.4881182638,0.0
76,18,2017-11-04 08:00:00,0.0006322727298174375,5.716321950379722e-13,0.0,85.961921346703,-67.94524287472655,5.635378201388274e-09,-2.8802481738024115,-3.436085055364982e-06,0.018165711047638314,4.670207784149662e-06,5155.009724204621,547019.4732339439,1.9038729899027526e-07,1.9990079989489828,-6.856003685139311e-08,0.9257138126570168,273.30549045253633,-1.7762307867008087,-8.410506596437925e-09,-4.834335059846829e-10,1.0,1973.0,0.0,0.0,0.0,-1.11758708954e-08,87.6292905616404,545393.9698771477,0.0
77,18,2017-11-04 10:00:00,0.0006322764669525962,5.659607920625059e-13,0.0,89.20700772750862,-56.8248358696702,5.7737105958873114e-09,-1.8300904206958777,-2.82699782247234e-06,0.018166852150265318,4.411349383024166e-06,5155.004559491813,554217.723070838,4.269470185664731e-07,1.998949172735081,1.0403905626987926e-07,0.9257095045630246,278.5855284372575,-1.7761715025155946,-8.568130159718223e-09,-6.105213787097496e-10,1.0,1973.0,0.0,0.0,0.0,-1.11758708954e-08,90.58353186060071,552595.3069738732,0.0
78,18,2017-11-04 12:00:00,0.0006322801111910958,5.614209997668553e-13,0.0,91.69064318553573,-52.946208576080586,6.136804367528763e-09,-0.7799326825117681,-2.6426686867642544e-06,0.018166931394026448,5.005547964326512e-06,5155.002285860736,561418.9327396677,-2.0828381983264362e-07,1.9988851538161057,2.560100844589363e-07,0.9257018150552772,272.1171520632844,-1.7761157884799403,-9.237983704895312e-09,-6.366711294318573e-10,1.0,1973.0,0.0,0.0,0.0,-1.11758708954e-08,93.1107860121093,559790.9013597545,0.0
79,18,2017-11-04 14:00:00,0.0006322838203249414,5.57372510052017e-13,0.0,112.59490618379627,-48.91183179635464,6.136536097457855e-09,0.27029991423728816,-2.5042337224137187e-06,0.018167395507864597,5.1153189680590655e-06,5154.999430007554,568618.4655178878,-2.2013412397575e-07,1.9988190336267186,8.216917506809134e-08,0.9256970435059478,271.24353366564424,-1.776130374910163,-9.273402593162562e-09,-6.47136485704681e-10,1.0,1973.0,0.0,0.0,0.0,-1.11758708954e-08,113.97810105756756,567000.6781267752,0.0
80,14,2017-11-04 08:00:00,-8.779828472422167e-05,-9.094947017730001e-13,0.0,158.8463460211741,69.19797123701159,3.919742170586848e-09,1.602214194863451,3.5313584690374776e-06,0.009280184126498482,1.3319510647887391e-05,5154.139995227965,547177.4989976435,-2.8984366394959927e-07,-3.1097089045138273,-1.503880622938349e-07,0.9622651388637927,123.32460859021754,-1.9504974340973336,-7.786803376789235e-09,-1.409047681233054e-10,1.0,1973.0,0.0,0.0,0.0,-9.77888703346e-09,130.4543004044409,543915.2699231505,0.0
81,14,2017-11-04 10:00:00,-8.780462658517634e-05,-9.094947017730001e-13,0.0,185.26212549986423,66.79777760199174,3.823767235009047e-09,2.6522711573014237,3.4483154321068877e-06,0.009281109419915848,1.3960212357571982e-05,5154.194300921042,554412.2857697734,2.086811959998579e-08,-3.1097642170418656,-1.0463907260419745e-07,0.9622537235572236,108.2306841035239,-1.9507252318003674,-7.474890949019384e-09,-1.5485779749933345e-10,1.0,1973.0,0.0,0.0,0.0,-9.77888703346e-09,156.683102325037,547124.3495624217,0.0
82,14,2017-11-04 12:00:00,-8.781080683989873e-05,-9.094947017730001e-13,0.0,196.51621537334918,77.70382485018202,3.776949708789374e-09,-2.5807363605674687,4.0573892516497865e-06,0.009278432974654315,1.492123525416422e-05,5154.200801261914,561611.4855753296,9.967011878180347e-09,-3.1098185901091306,-7.109308797119021e-08,0.9622538172482521,91.82502818386945,-1.9507461427738717,-7.46459027392024e-09,-1.5295017029701107e-10,1.0,1973.0,0.0,0.0,0.0,-9.77888703346e-09,167.6826167978662,554324.7916281078,0.0
83,14,2017-11-04 14:00:00,-8.781700604159873e-05,-9.094947017730001e-13,0.0,202.23771178159137,86.61067259770407,3.948910634950891e-09,-1.530701302446044,4.3479637455662405e-06,0.009278918813903176,1.5025569672671355e-05,5154.197718330719,568812.0777917141,1.9870835082175357e-07,-3.1098726373332806,1.1812091329404815e-07,0.9622524620608484,92.23155071873147,-1.9506358893192024,-7.63336950208436e-09,-2.9589105694997866e-10,1.0,1973.0,0.0,0.0,0.0,-9.77888703346e-09,168.68285756808828,561523.6511527608,0.0
84,14,2017-11-04 16:00:00,-8.782321612239976e-05,-9.094947017730001e-13,0.0,205.20710501565833,90.04754411201371,4.0623717100992835e-09,-0.48035912789649027,4.558439693617344e-06,0.009279853559526038,1.4382986934664409e-05,5154.201265882075,576011.819853646,-1.2572213104598557e-07,-3.109929835739668,1.2237251534159973e-07,0.9622507207751174,105.91893519192367,-1.950817700611133,-7.94264777583643e-09,-2.9041107271442683e-10,1.0,1973.0,0.0,0.0,0.0,-9.77888703346e-09,169.68270070973264,568724.9592556308,0.0
85,26,2017-11-04 08:00:00,-0.0003742957342672756,1.3074469063984267e-11,0.0,82.20874833452696,-99.18849372431356,5.0603526204422404e-09,-2.459397782008428,-5.125704255787996e-06,0.0021622361892588136,2.756239190633468e-06,5153.688521393224,547111.3844394666,-9.554683879457672e-08,-1.1065530582046235,-1.0655854650135122e-08,0.9573979179671297,321.44738174538685,-0.08723668402220476,-8.534436746035426e-09,-2.8292070998597065e-10,1.0,1973.0,0.0,0.0,0.0,7.45058059692e-09,92.01534309232879,543174.355530614,0.0
86,26,2017-11-04 10:00:00,-0.00037417560546729607,1.3074493705454966e-11,0.0,87.793773810565,-105.8051335902462,5.063149438806786e-09,-1.4106714989760403,-5.7313383504647035e-06,0.002162632332488989,2.0746020408733716e-06,5153.616475566864,554319.233085533,-5.751371265750654e-08,-1.1065809752729785,-6.229147818434792e-08,0.9573824958532674,330.767976866276,-0.0863594256282005,-8.569103749623136e-09,-2.557003740484356e-10,1.0,1973.0,0.0,0.0,0.0,7.45058059692e-09,98.09633073866587,553429.7963750564,0.0
87,26,2017-11-04 12:00:00,-0.00037408044240276194,1.3074490263416899e-11,0.0,93.25280884781218,-110.5511879168293,5.018129867138365e-09,-0.3600917293623524,-5.75742346069559e-06,0.0021631700448852017,1.7464489080640987e-06,5153.616054138981,561519.081833898,8.629076541330563e-08,-1.106641773181359,-4.232075570069145e-08,0.9573799216152414,334.9860183018779,-0.08661395108037014,-8.650272599567289e-09,-3.5111248234692344e-10,1.0,1973.0,0.0,0.0,0.0,7.45058059692e-09,103.66657978049331,554962.6073966415,0.0
88,26,2017-11-04 14:00:00,-0.000373986378102287,1.307451477596358e-11,0.0,98.70627983011954,-113.58382237796948,5.013032618623637e-09,0.6897656091649377,-5.874764643632243e-06,0.002163836930907436,1.510350963127221e-06,5153.618030432057,568718.9688455558,7.347735414686984e-08,-1.1067033133059676,2.464884393899968e-08,0.957376852875524,340.1104550184621,-0.08657252111545911,-8.677573315786497e-09,-3.6322108396111646e-10,1.0,1973.0,0.0,0.0,0.0,7.45058059692e-09,109.4209591345377,562147.4540108329,0.0
89,26,2017-11-04 16:00:00,-0.00037389177519159614,1.3074444958773601e-11,0.0,113.8141871515914,-110.11575202011139,4.986949866737177e-09,1.7399407089768928,-5.647504853562088e-06,0.0021640891701907965,1.7387290419063574e-06,5153.618976221639,575919.4452209501,2.2948324607187666e-08,-1.1067647618294256,5.387703449338049e-08,0.9573739207194708,336.54817218483413,-0.08620860144928523,-8.644154438105009e-09,-3.924865967742326e-10,1.0,1973.0,0.0,0.0,0.0,7.45058059692e-09,125.09921835051674,569339.6570066949,0.0
90,32,2017-11-04 08:00:00,-0.0005202357439705076,-3.5732386287368618e-12,0.0,-16.257514595582272,51.56044396153769,4.008539707657425e-09,2.5862403864436505,2.717838801966685e-06,0.001479070908632336,1.3632167577986694e-05,5154.267686798577,547177.4989976435,-2.2844503320878733e-08,3.089776734795645,-6.050214611998981e-08,0.9580696881666466,112.9971215319497,-2.611271185727838,-7.724792988953916e-09,-2.2470932415268094e-10,1.0,1973.0,0.0,0.0,0.0,4.65661287308e-10,134.586463906367,540951.1199632861,0.0
91,32,2017-11-04 10:00:00,-0.0005202489944446181,-3.573201760317062e-12,0.0,-24.811244596020895,44.48800414848122,3.995646015379824e-09,-2.646882251122002,2.3273600417222435e-06,0.0014806567033051013,1.4258520633968852e-05,5154.356140202458,554412.2857697734,-1.5645045198207708e-08,3.089769049386037,-6.295335135681492e-09,0.9580673054738439,102.3915193158552,-2.611674532821753,-7.656852819710819e-09,-2.535001295483684e-10,1.0,1973.0,0.0,0.0,0.0,4.65661287308e-10,135.46947142801952,547138.2074898444,0.0
92,32,2017-11-04 12:00:00,-0.0005202752923127824,-3.5731996154139238e-12,0.0,-32.665141572402945,47.269332146452285,3.983021638452984e-09,-1.595129363501532,2.452209761830939e-06,0.0014790826963403062,1.5497101407238493e-05,5154.366824038383,561611.4855753296,8.758379485016682e-09,3.089716608178587,-1.240454759886404e-07,0.9580657346974426,82.67432426469605,-2.613211888976916,-7.661749006090052e-09,-3.461353975823015e-10,1.0,1973.0,0.0,0.0,0.0,4.65661287308e-10,136.4683468413652,554337.2807003265,0.0
93,32,2017-11-04 14:00:00,-0.0005203013936223724,-3.573198995796735e-12,0.0,-36.440409194287646,55.269354752347716,4.151162520514944e-09,-0.5456012147702971,2.6123498529333735e-06,0.0014787114191520381,1.55046277470995e-05,5154.355919986969,568812.0777917141,4.6999701814814565e-08,3.089658306321757,2.8879982921139316e-08,0.9580634957904656,80.92474420198738,-2.612528568373105,-7.804620941786327e-09,-4.290550456525347e-10,1.0,1973.0,0.0,0.0,0.0,4.65661287308e-10,137.469496249757,561539.983710728,0.0
94,32,2017-11-04 16:00:00,-0.0005203274910777986,-3.5732034010731215e-12,0.0,-32.55155283875477,61.144255297215295,4.164869603522791e-09,0.5048735642670258,3.025900895299464e-06,0.0014801341412369082,1.4888135078735595e-05,5154.362320248137,576011.819853646,2.0779182613650153e-08,3.089602822757733,3.220032450575245e-08,0.9580616623062791,90.89237565587858,-2.612786911581798,-7.82108860669574e-09,-4.2652945169061433e-10,1.0,1973.0,0.0,0.0,0.0,4.65661287308e-10,158.46815618689564,568738.6988233466,0.0
95,10,2017-11-04 06:00:00,0.00010351473028828136,7.877771967979302e-12,0.0,-12.269909164288617,-53.63430645434694,4.994962744472238e-09,2.985118689006967,-2.945374512085392e-06,0.0029108560624815038,5.429226907833621e-06,5154.072968938744,540088.3532262458,-5.005697102501345e-08,2.046967002111701,3.0633915423334816e-08,0.9601191697670738,273.91047476726214,-2.8863101555879025,-8.246750633497265e-09,-5.266213334598015e-10,1.0,1973.0,0.0,0.0858948878166972,0.0,1.86264514923e-09,-15.390306917649825,540186.7278845056,0.0
96,10,2017-11-04 08:00:00,0.00010357298037146496,7.872822222706465e-12,0.0,5.85862032047236,-56.332672779173876,4.994011461047391e-09,-2.2435774300681257,-3.1647185845095357e-06,0.002910891892240346,5.316445547850327e-06,5154.109378895576,547290.3758650342,-4.279470472403452e-08,2.046908020578481,3.110930807551564e-08,0.9601205144702883,277.0578440915023,-2.886208138983305,-8.260618045021526e-09,-5.024698791668413e-10,1.0,1973.0,0.0,-0.06240253706575931,0.0,1.86264514923e-09,-0.5371385414260059,540259.3413926628,0.0
97,10,2017-11-04 10:00:00,0.00010363101904854698,7.866510563685753e-12,0.0,32.79816211091181,-57.83195314823825,5.081443541568113e-09,-1.1938302909562095,-3.2707413108003026e-06,0.002911321493144135,4.956873677760405e-06,5154.105098548695,554490.5967893358,3.040722060399542e-08,2.0468503793959614,-1.3910206289231012e-07,0.960115837784468,286.61960712888094,-2.885784514453622,-8.286845869279363e-09,-6.416309733385702e-10,1.0,1973.0,0.0,0.07358036953768762,0.0,1.86264514923e-09,27.091389428269103,547458.1729340693,0.0
98,10,2017-11-04 11:59:44,0.00010368867900912454,7.856731694039533e-12,0.0,35.435259406968285,-58.14034123727464,5.233257817420469e-09,-0.14366091091914573,-3.463170879123157e-06,0.0029112840266198275,4.820317263208638e-06,5154.10306539456,561673.998936391,7.694529305507471e-08,2.046790722871889,6.749734261484238e-08,0.960109473304822,286.23433764486657,-2.885788335045652,-8.452531009310638e-09,-7.296412493977668e-10,1.0,1973.0,0.0,0.3274050083095349,0.0,1.86264514923e-09,29.564876438912865,554646.8437859758,0.0
99,10,2017-11-04 14:00:00,0.00010374712470295347,7.884999376285183e-12,0.0,-24.473912970961955,-52.05513954172642,5.3028801960350225e-09,0.9094360058371654,-2.8890659714752375e-06,0.002911986464631892,4.678767922040098e-06,5154.082261826808,568889.1211225131,6.701225820531058e-08,2.0467268702053,2.9470131318377312e-08,0.9601005229131061,286.3806356989138,-2.8856342297685464,-8.48907366008488e-09,-7.077531037651557e-10,1.0,1973.0,0.0,0.06023653215168234,0.0,1.86264514923e-09,-30.306573142920122,561880.1937065079,0.0
100,8,2017-11-04 10:00:00,-7.941923567481008e-05,-1.36424205266e-12,0.0,78.26124357514487,-101.91910388283071,4.068177353070427e-09,-2.7972190004094006,-5.137128745845612e-06,0.0028065868652028788,1.2999931033769905e-05,5153.492089380506,554146.7103568394,-4.9813695558373705e-08,-0.055963357612784065,2.9050679025984893e-08,0.9683874525676681,129.89318468295704,-0.6338761960339349,-7.726376684956013e-09,5.598800487826779e-11,1.0,1973.0,0.0,0.456809408157763,0.0,5.58793544769e-09,61.35352919724059,552689.9352295299,0.0
101,8,2017-11-04 11:59:44,-7.943282487708659e-05,-1.36424205266e-12,0.0,63.83070855838847,-111.75991106008955,4.070072631181477e-09,-1.7522347039420294,-5.758430966000084e-06,0.0028056896686551075,1.3600789471484993e-05,5153.281587152067,561306.5879034029,-5.573789404516064e-08,-0.056016802925746276,-6.696034257817874e-08,0.9683620440708991,122.18230505384753,-0.6333361001855071,-7.760153906735802e-09,7.646113349012428e-11,1.0,1973.0,0.0,0.4603819848247653,0.0,5.58793544769e-09,47.50290095817987,555785.7050096036,0.0
102,8,2017-11-04 16:00:00,-7.945237569345063e-05,-1.36424205266e-12,0.0,40.38981377913457,-121.788637716875,3.917328791766358e-09,0.3509122372892757,-6.3117410995087815e-06,0.0028081732377605415,1.4325417782250907e-05,5153.348560957215,575722.6620878762,3.0142715747277545e-08,-0.056128184730914445,-5.809190423942585e-08,0.968363774590176,102.46238310304794,-0.6337760129439488,-7.79486238802787e-09,5.992405358769165e-11,1.0,1973.0,0.0,0.05581579391077249,0.0,5.58793544769e-09,25.045030638276305,573816.2149044317,0.0
103,8,2017-11-04 18:00:00,-7.946216280815385e-05,-1.36424205266e-12,0.0,48.423461609626244,-119.22925033595098,3.836098876537863e-09,1.4006096630282854,-6.156276315621751e-06,0.002808397964470709,1.4204185302098439e-05,5153.330606953476,582922.5787731593,8.233522632154115e-08,-0.05618380076541513,5.770501824470942e-08,0.9683660871277908,104.90225440051438,-0.6335157920847898,-7.70981361779795e-09,2.6959901082567008e-11,1.0,1973.0,0.0,0.0759894877009841,0.0,5.58793544769e-09,33.49323278020721,577385.7416995349,0.0
104,8,2017-11-04 20:00:00,-7.947194798147747e-05,-1.36424205266e-12,0.0,51.412085938017164,-123.89209759890818,3.87156446047957e-09,2.451385177881092,-6.390768324274215e-06,0.0028094375594338136,1.3505478544667609e-05,5153.30760739402,590122.7289084666,-1.385463302883626e-08,-0.0562386389252946,3.204642351871318e-09,0.9683677224196151,119.11880470363795,-0.6339876022213264,-7.68600921233549e-09,-4.9875844102757104e-11,1.0,1973.0,0.0,0.059157752038682135,0.0,5.58793544769e-09,36.32095880802644,584585.304306641,0.0
105,31,2017-11-04 10:00:00,0.00016437905094604722,-2.50111042988e-12,0.0,47.82153751434606,159.6557338563672,4.73325927624355e-09,-0.10823942865223934,8.231527086536858e-06,0.008694565495938989,2.8633710345630242e-06,5147.720886435728,555486.2215307662,1.0394217933030956e-07,-2.1081639083966737,-7.413564249796515e-08,0.9652898301451794,312.65412029258914,-0.23023443649267678,-8.586530556012168e-09,6.114131344948078e-10,1.0,1973.0,0.0,0.0,0.0,-1.35041773319e-08,47.153356336663016,551800.2778227316,0.0
106,31,2017-11-04 12:00:00,0.00016436101543548898,-2.50111042988e-12,0.0,48.821397757820215,167.74968129577027,4.675756881164663e-09,0.9419789162670066,8.656219685442268e-06,0.008694630243872481,2.9155250986024226e-06,5147.717516454485,562685.9398347449,1.3995242436658994e-07,-2.108225278114688,5.3130664284218444e-08,0.965292705405379,311.68566049447855,-0.2301629996833358,-8.505797388291793e-09,5.776622129277697e-10,1.0,1973.0,0.0,0.0,0.0,-1.35041773319e-08,48.15641769362855,556119.886265732,0.0
107,31,2017-11-04 14:00:00,0.00016434302682027263,-2.50111042988e-12,0.0,49.821653818618024,179.1244276251272,4.679328458617292e-09,1.992090103481698,9.349109940409322e-06,0.008695255507076916,3.25266387049141e-06,5147.721400441322,569886.8231009779,-1.4026543726711554e-08,-2.108285486492826,5.1892656028394916e-08,0.9652956255631537,310.15578827072414,-0.2300412638360833,-8.448465249926286e-09,4.765928313889409e-10,1.0,1973.0,0.0,0.0,0.0,-1.35041773319e-08,49.152174487350635,563320.2869194482,0.0
108,31,2017-11-04 16:00:00,0.0001643248851565669,-2.50111042988e-12,0.0,50.821992779461375,181.78077710617634,4.737902326641978e-09,3.0424816337843037,9.244807371819297e-06,0.008695438423752085,3.081300517097653e-06,5147.720972775252,577085.9788553184,-6.835164782156315e-08,-2.10834640008292,8.077124505860795e-09,0.9652985771585839,316.52880972542425,-0.2301051077722889,-8.41291296174711e-09,5.151577565343825e-10,1.0,1973.0,0.0,0.0,0.0,-1.35041773319e-08,50.15453694034408,570520.1952243532,0.0
109,27,2017-11-04 07:59:44,0.00034145854807788684,3.8653524825300005e-12,0.0,195.07225845764262,-82.60093292031507,3.707141133935624e-09,6.383150826159272,-4.160855725476257e-06,0.004981682413186736,1.1358407610958751e-05,5109.885177230655,544476.6412038398,1.2719598322852923e-08,-0.04863901962698378,-7.183973735727356e-08,0.9683064411668088,118.22423023979212,0.3767850785304691,-6.994458137108576e-09,3.023139399155072e-11,1.0,1973.0,0.0,1.7036614899209197,0.0,1.86264514923e-09,151.1935438415052,539232.1182816707,0.0
110,27,2017-11-04 10:00:00,0.00034432067977465764,3.8653524825300005e-12,0.0,140.7866196355791,-87.01780323000148,3.823279527898332e-09,3.0088789850182405,-4.441523488958788e-06,0.005020066760011958,1.2343896919918592e-05,5153.688000266797,554300.0462404814,-4.401083862376506e-08,-0.04912002454291227,-1.1272517861173072e-07,0.9765008614565875,121.2317193281106,0.37466394705198913,-7.533542468020077e-09,6.183378266861859e-11,1.0,1973.0,0.0,0.9997144499297361,0.0,1.86264514923e-09,92.09971832445945,548058.3504240076,0.0
111,27,2017-11-04 12:00:00,0.00034434084232614183,3.8653524825300005e-12,0.0,44.279660604916025,-97.1428544916233,3.847453750294349e-09,-2.2242639057561284,-5.185440163439867e-06,0.0050218244853992965,1.2712028898118256e-05,5153.6338899422135,561506.5614488629,2.108251117198353e-08,-0.04917398979427945,-1.6069682036010278e-07,0.9764997413645736,112.8832897950775,0.37455755260967954,-7.591357048888604e-09,1.1292191125889978e-10,1.0,1973.0,0.0,-0.0002899362810707129,0.0,1.86264514923e-09,-9.754911889219414,554892.8143530327,0.0
112,27,2017-11-04 14:00:00,0.00034436907238557005,3.8653524825300005e-12,0.0,46.55035509100275,-100.41044832816269,3.780925341983569e-09,-1.1736070406754442,-5.311122995604378e-06,0.005021418169074924,1.343055075169372e-05,5153.64151169088,568706.4591222774,1.1840588579474285e-07,-0.04922852442990402,-1.2491673424341024e-07,0.9765020743077734,98.28100255107212,0.37407605635397373,-7.622830862063522e-09,1.0499782728894762e-10,1.0,1973.0,0.0,-0.00025126303202416267,0.0,1.86264514923e-09,-11.740764995099909,562093.9622146422,0.0
113,27,2017-11-04 16:00:00,0.00034439649212929046,3.8653524825300005e-12,0.0,63.27149626959201,-99.72055179857692,3.789506787712499e-09,-0.12345026757186806,-5.1709662880939595e-06,0.005021532433731714,1.3555601534352746e-05,5153.641186204852,575906.2669271015,6.365950114163254e-08,-0.0492835348811607,6.3961083935127215e-09,0.9765029872104024,101.24958601057449,0.37408953146350354,-7.732720852894551e-09,6.400592436356154e-11,1.0,1973.0,0.0,-0.0002778651939830401,0.0,1.86264514923e-09,0.8761782846893595,569292.8550902671,0.0
114,27,2017-11-04 18:00:00,0.0003444241355435935,3.8653524825300005e-12,0.0,65.1968262376285,-99.29859245380291,3.719032418928486e-09,0.9267010786290442,-5.2127874709733865e-06,0.005022310604329005,1.3311551495187352e-05,5153.640557399149,583106.7845716252,-2.5968270404384787e-08,-0.04933846442077443,7.823733016670378e-08,0.9765044629121815,106.93452797356454,0.37407583941849926,-7.647526690527301e-09,-1.6473582302208513e-11,1.0,1973.0,0.0,-0.0002807508749713694,0.0,1.86264514923e-09,-1.1633691117339993,576492.5814486822,0.0
115,27,2017-11-04 20:00:00,0.00034445180267266804,3.8653524825300005e-12,0.0,67.4273453287155,-102.22809093978744,3.705602783459824e-09,1.9772559879389542,-5.341443508650058e-06,0.0050218016460186875,1.251807293366428e-05,5153.637416540608,590306.2524145454,-8.918084987565127e-08,-0.04939341260295018,-1.2280558685535105e-08,0.9765049556621184,114.86446703690767,0.3737461041517332,-7.632085439684858e-09,-5.5536134767781303e-11,1.0,1973.0,0.0,-0.0002986411271309053,0.0,1.86264514923e-09,-3.006881639424968,583693.136071673,0.0
116,11,2017-11-04 12:00:00,-0.0007247796761277474,-1.93267624127e-12,0.0,63.142603479227795,49.371741361898366,6.009104718530759e-09,1.1839881352636135,2.2396146642398344e-06,0.0169666378920242,8.918947181064516e-06,5153.391772405371,561527.550653811,-3.5272488977451867e-07,0.593917401463123,-3.6354282402790085e-07,0.9029608589449555,178.335813956405,1.7153529436385462,-8.721324589437716e-09,7.157592250302529e-10,1.0,1973.0,0.0,-3.0974179887621744e-09,0.0,-1.210719347e-08,57.77800879810369,560463.8669381308,0.0
117,11,2017-11-04 14:00:00,-0.000724792408719515,-1.93267624127e-12,0.0,41.397052098203,50.166072660339196,5.817054061816346e-09,2.2342398878103293,2.4088155759371433e-06,0.016965942972232567,8.828873282661724e-06,5153.134392228063,568748.4309839337,8.927710169183021e-08,0.5938476412796851,-1.2932660736283708e-07,0.9029723181143414,173.37013312770168,1.7153573910206759,-8.186208170301451e-09,6.307048855129355e-10,1.0,1973.0,0.0,0.9999998873000355,0.0,-1.210719347e-08,37.3505994162022,562780.0773581308,0.0
118,11,2017-11-04 16:00:00,-0.0007248051224858368,-1.93267624127e-12,0.0,88.70804999380198,66.98382326494784,5.748168278999056e-09,-2.998900437648019,3.1847983160146484e-06,0.0169633331376903,9.620492940892302e-06,5153.1412370506105,575948.710615924,1.749572820365314e-07,0.5937864037882857,9.288074567501093e-08,0.9029764562572087,156.1490179463223,1.7154400605262379,-8.217210719389474e-09,8.10519704653029e-10,1.0,1973.0,0.0,1.0000000035751397,0.0,-1.210719347e-08,82.41753382559868,569982.4046151451,0.0
119,11,2017-11-04 17:59:44,-0.0007248168589866875,-1.93267624127e-12,0.0,44.13500323713666,68.92051656714877,5.7114617632926665e-09,-1.9510794313512463,3.697919250724926e-06,0.016964162282935156,9.564587550569358e-06,5153.140647305909,583132.0451676907,8.741514105436101e-08,0.5937255992378713,3.0255614860977296e-07,0.9029823558541787,159.30990813319997,1.7154556550919362,-8.31682927247985e-09,8.079986891089978e-10,1.0,1973.0,0.0,-3.940081930164929e-08,0.0,-1.210719347e-08,37.90685294881749,577174.8810146427,0.0
120,11,2017-11-04 20:00:00,-0.0007248297817614444,-1.93267624127e-12,0.0,53.66990781517217,63.02083422499805,5.870645813194712e-09,-0.8986057732169319,3.245456320400625e-06,0.016963727521528478,9.83845683830569e-06,5153.1377196989815,590348.6660435336,-3.7824704305335133e-07,0.5936625445531998,1.6919400814813884e-07,0.902985868229462,165.68192565206084,1.715433351635484,-8.794278880474788e-09,8.476734082713548e-10,1.0,1973.0,0.0,-1.232031976439174e-10,0.0,-1.210719347e-08,46.71713990671705,584385.779783821,0.0
121,11,2017-11-04 22:00:00,-0.0007248428693349489,-1.93267624127e-12,0.0,56.52877522015981,54.162180928807196,5.840165995884436e-09,0.15149374512591035,2.6187050042144602e-06,0.016962189348936858,9.294517555089268e-06,5153.132575752179,597548.3850163737,-4.5461485850478946e-07,0.5935986546224286,-1.0901928802896281e-07,0.9029912232097438,173.58817818007182,1.7155020560272776,-8.778189091376453e-09,6.748148943649963e-10,1.0,1973.0,0.0,-3.4668115073133166e-08,0.0,-1.210719347e-08,49.54250340473105,591578.3527276843,0.0
122,22,2017-11-04 14:00:00,-0.00017779110965788795,-1.2732925824799999e-11,0.0,59.14018710268301,-42.40704767438107,6.001353325410959e-09,-1.8840206777181863,-2.15560689394935e-06,0.007165113586809195,3.5490735778287165e-06,5153.652145069374,569102.5190969179,1.251489249206007e-07,1.9983520252578995,9.024002866946725e-08,0.9238021574759743,290.1776745514519,-1.6613111702304764,-8.790033458306592e-09,-5.780325125885645e-10,1.0,1973.0,0.0,0.0,0.0,-1.76951289177e-08,59.265270729848936,564476.0309536854,0.0
123,22,2017-11-04 16:00:00,-0.00017788316391418918,-1.2732925824799999e-11,0.0,60.13965923350781,-41.40689548303535,6.142171505179433e-09,-0.8339796219588258,-2.140817122349778e-06,0.00716513262672757,4.115352561061992e-06,5153.655647686997,576302.1915615329,-1.3253206663468222e-07,1.998286444461045,7.346506761994799e-08,0.923797537934514,282.80252760225505,-1.6611551838670533,-9.05318618887052e-09,-5.70208773084347e-10,1.0,1973.0,0.0,0.0,0.0,-1.76951289177e-08,60.26519843919774,569455.7733366131,0.0
124,22,2017-11-04 18:00:00,-0.00017797504793289155,-1.2732925824799999e-11,0.0,61.14116707786326,-40.84431469746269,6.191376037693412e-09,0.2162243624171989,-2.081135362349199e-06,0.007165048099987784,4.174936602105833e-06,5153.651288375249,583502.1633651382,-6.981297527466986e-08,1.9982215817542368,2.9406556848023116e-08,0.9237924726611628,284.05276674783306,-1.6611762476312069,-9.090467352552507e-09,-5.324507166870967e-10,1.0,1973.0,0.0,0.0,0.0,-1.76951289177e-08,61.26527145172312,576656.3529150788,0.0
125,16,2017-11-04 14:00:00,3.660175363104891e-05,-2.27373675443e-13,0.0,120.80950369168647,-134.48952615056248,4.2513312267072044e-09,-0.3956652264954078,-6.93585575093665e-06,0.00936772712991652,4.382119898475375e-06,5153.780229504749,567397.3652824941,-1.478089316889174e-08,-1.0108720465091847,-1.2343767774187177e-08,0.9884757424118706,302.8071102059021,0.45795485198953273,-8.406412191379891e-09,-4.240654492760879e-10,1.0,1973.0,0.0,0.7604340368774796,0.0,-1.07102096081e-08,108.62955206590127,562907.307759499,0.0
126,16,2017-11-04 15:59:44,3.6598695302189614e-05,-2.27373675443e-13,0.0,62.95377079368559,-132.4925099219337,4.1691397451346674e-09,0.6520975651840646,-6.857630962736938e-06,0.009368069320329547,4.473485403735904e-06,5153.781108498464,574581.064816588,-1.5595654726728548e-07,-1.0109308164253001,9.196446808085401e-08,0.9884726252556469,302.6193182735408,0.45796740136203096,-8.320402567348374e-09,-4.945936370950437e-10,1.0,1973.0,0.0,0.11899518589048796,0.0,-1.07102096081e-08,49.96754000131089,569506.945027285,0.0
127,16,2017-11-04 18:00:00,3.6597059950666205e-05,-2.27373675443e-13,0.0,71.12368849954672,-129.61506369880814,4.245710344194078e-09,1.70458071705256,-6.766350493700387e-06,0.009368007361496013,4.644755711223403e-06,5153.780120123456,581797.6354426505,-2.822513709862508e-07,-1.0109895561532476,1.9321259256723866e-08,0.9884685042205168,304.5883709043464,0.4579250199126977,-8.285340502044927e-09,-5.316119565437541e-10,1.0,1973.0,0.0,0.07369312479953233,0.0,-1.07102096081e-08,57.20806945523194,576707.0329668411,0.0
128,1,2017-11-04 12:00:00,-8.259597959585447e-06,-2.38742359215e-12,0.0,166.4966415910735,53.37533943244591,4.776253924585721e-09,1.782140563044563,2.6918806152514346e-06,0.007108806579255977,7.539503144365541e-06,5153.770119100251,561411.7079526248,-2.0845566944113252e-07,1.0073061445507692,2.5534075416346957e-07,0.9688431928193724,236.20492418750314,0.6320656756982725,-8.014611967194223e-09,7.095456312662327e-10,1.0,1973.0,0.0,0.14291037601843493,0.0,5.58793544769e-09,173.52898968272626,561125.2669103906,0.0
129,1,2017-11-04 14:00:00,-8.276499856823654e-06,-2.38742359215e-12,0.0,177.83631251543264,57.19767539863109,4.701953208590434e-09,2.8225299849146075,2.801573304642113e-06,0.007109651131502766,8.035689182176897e-06,5153.745000073676,568596.2226977384,-8.005220413222017e-08,1.007250879205532,3.199601587283008e-08,0.9688520647065992,225.9749772059796,0.6318946458354321,-7.778050280518169e-09,7.789669258792286e-10,1.0,1973.0,0.0,0.19060541960825456,0.0,5.58793544769e-09,184.43580432520108,561833.7959837795,0.0
130,1,2017-11-04 16:00:00,-8.29368009752447e-06,-2.38742359215e-12,0.0,197.3020884375534,54.85151769085404,4.734906449830086e-09,-2.4104898750769115,2.5502149716261568e-06,0.007109972115604217,8.06362940381719e-06,5153.7466383469455,575796.6943435182,6.799062757694904e-08,1.0071925817913965,-2.009684387066547e-08,0.9688564236994246,225.43762365186888,0.6319056090306239,-7.873295351985382e-09,8.737589116684183e-10,1.0,1973.0,0.0,0.19053476566578775,0.0,5.58793544769e-09,204.64718195339748,569015.2728485873,0.0
131,1,2017-11-04 18:00:00,-8.31047744800973e-06,-2.38742359215e-12,0.0,204.74431572635348,55.039660430304764,4.721996083458939e-09,-1.3603129955537983,2.7009914128564437e-06,0.007110166638271252,7.823394709864846e-06,5153.744122746232,582996.0139024706,1.5902132993102374e-07,1.0071325984107806,5.634316371861956e-08,0.9688615406136007,227.9056278028988,0.6319294949696164,-7.914300861065246e-09,8.618438279445998e-10,1.0,1973.0,0.0,0.19064462888357828,0.0,5.58793544769e-09,212.7792881169845,576243.4611654724,0.0
132,1,2017-11-04 20:00:00,-8.327243313482789e-06,-2.38742359215e-12,0.0,212.54289538868957,52.29161062868101,4.724645899267734e-09,-0.31006951244712644,2.6992075530433707e-06,0.007110553250070839,7.821506072342959e-06,5153.744763114084,590196.9048248334,1.0032396516689638e-07,1.0070742017326646,2.0911103204365392e-07,0.9688659632526021,231.97399825479724,0.6318611540814394,-8.060873359330487e-09,8.200414616621083e-10,1.0,1973.0,0.0,0.190538720166342,0.0,5.58793544769e-09,220.74950584365658,583419.0638293403,0.0
133,1,2017-11-04 22:00:00,-8.343996828187224e-06,-2.38742359215e-12,0.0,225.33954552577987,57.94719023273392,4.604138364246968e-09,0.7400495934446254,2.8314142428558407e-06,0.0071113927812187444,7.961164846345666e-06,5153.7482211418055,597396.3076301814,-1.911922046557531e-08,1.007015182787991,2.73357474315998e-07,0.9688703096781989,228.42430103986715,0.6319093877348386,-7.965549932992516e-09,7.387641831832269e-10,1.0,1973.0,0.0,0.52397354900919,0.0,5.58793544769e-09,233.9070553075933,590639.5422053555,0.0
134,23,2017-11-04 16:00:00,-0.00021851598358584294,-2.27373675443e-13,0.0,70.8388827059682,47.25276669297673,4.4840954317798734e-09,-1.542873449702749,2.0900162389436207e-06,0.01185701039432156,1.3706336044104278e-05,5153.666574581154,575713.5976149702,2.009775195853132e-07,3.084959181425333,-1.738978233608728e-07,0.9445115567625277,101.56042043186402,-2.416628629138332,-7.695902777558438e-09,-3.611644442274064e-10,1.0,1973.0,0.0,0.012924100744666434,0.0,-2.04890966415e-08,71.10984529627588,573286.2936754395,0.0
135,23,2017-11-04 18:00:00,-0.0002185173880481951,-2.27373675443e-13,0.0,72.93682897667618,52.408887003161865,4.641694615720657e-09,-0.49274349407276885,2.4847578035617093e-06,0.01185743760171634,1.3628054928615974e-05,5153.6667856643835,582914.122679836,6.62817243787857e-08,3.0849027051085085,1.7126813048850292e-07,0.9445085884324838,106.02880331573735,-2.4166121010266632,-8.052215711420756e-09,-4.809575633151905e-10,1.0,1973.0,0.0,0.11516024855788438,0.0,-2.04890966415e-08,73.18672537306871,577515.3438167291,0.0
136,23,2017-11-04 20:00:00,-0.00021851877733064607,-2.27373675443e-13,0.0,81.19349074944014,47.72169071058361,4.717023034908334e-09,0.5575242430787294,2.4569867574126144e-06,0.011856845309092402,1.325923519793548e-05,5153.66568507404,590113.5988932934,-5.978671407607348e-08,3.0848448772316632,1.2709511108983586e-07,0.9445066174818321,114.21746712692294,-2.4166627323538927,-8.064065131859157e-09,-5.124059396298683e-10,1.0,1973.0,0.0,0.3754832103947028,0.0,-2.04890966415e-08,81.4629767797453,584716.6920676122,0.0
137,23,2017-11-04 22:00:00,-0.00021851624025120243,-2.27373675443e-13,0.0,28.027316062551172,40.467435505260816,4.735719399683721e-09,1.6056419384045295,2.0221191617507973e-06,0.011856071446887221,1.32372162339181e-05,5153.570688694447,597307.3557771023,-2.3131458918689104e-07,3.0847165429343075,7.492543537585787e-08,0.9444851922664574,118.86272279253781,-2.416599172956749,-7.9961706483434e-09,-4.727735696070795e-10,1.0,1973.0,0.0,0.10735588080935926,0.0,-2.04890966415e-08,28.323166507099835,591925.0717786995,0.0
138,3,2017-11-04 14:00:00,-4.68455360782683e-05,5.22959453519e-12,0.0,-5.21186413995197,-42.5065691948262,5.035576131498408e-09,1.8140977526507962,-2.440826995770658e-06,0.0010912967751990083,6.668655593320278e-06,5154.548125375992,569485.9053579937,-1.1697534675031069e-08,2.050562458926361,-5.444065546804287e-08,0.9601976436259748,244.48039181917932,0.5638275475601687,-8.479022230407765e-09,-5.677345730422764e-10,1.0,1973.0,0.0,0.01482868541486465,0.0,2.3283064365400003e-09,48.07364908591194,568975.4249779731,0.0
139,3,2017-11-04 16:00:00,-4.680819688926997e-05,5.22959453519e-12,0.0,-5.409707055418811,-39.561659746113676,5.059039265497418e-09,2.8678194782864668,-2.336589493067573e-06,0.0010917922141749122,7.196924390306584e-06,5154.685942072968,576692.3113219594,-9.505772695434649e-09,2.050514641311045,-7.02534577221705e-08,0.9602376761136624,233.18082787753423,0.562533336971206,-8.472495528833217e-09,-5.628723399543904e-10,1.0,1973.0,0.0,-0.015007695670415572,0.0,2.3283064365400003e-09,48.485120884041606,569242.9154340476,0.0
140,3,2017-11-04 18:00:00,-4.677028565815709e-05,5.22959453519e-12,0.0,3.2545279735736328,-36.56237659000404,5.0655857663905234e-09,-2.359771260354471,-2.1700752901540784e-06,0.0010909524337391326,7.5262411013614696e-06,5154.828495768762,583828.1063113159,6.246101725647295e-08,2.050459537613584,-1.1210838799595645e-07,0.9602826302073824,226.68960866571967,0.5616708836921219,-8.519054476628552e-09,-5.11251116741258e-10,1.0,1973.0,0.0,0.06105380645161483,0.0,2.3283064365400003e-09,64.17376866571485,576410.5135404498,0.0
141,3,2017-11-04 20:00:00,-4.673214530598963e-05,5.22959453519e-12,0.0,-0.3901259791435123,-32.90640289641085,5.124976589000129e-09,-1.3103412970524797,-1.9916459866147e-06,0.0010912092280630935,7.3564295388775556e-06,5154.827032580174,591028.1080975607,9.891757796239092e-09,2.050401364500742,-1.7689238985662148e-08,0.9602802149957355,231.84749668919366,0.5624959627119832,-8.496549237140315e-09,-4.1732050179320945e-10,1.0,1973.0,0.0,-0.05466825162810904,0.0,2.3283064365400003e-09,65.17376866285551,583610.333791871,0.0
142,3,2017-11-04 22:00:00,-4.669437295109417e-05,5.22959453519e-12,0.0,5.598005427023356,-34.21858603399606,5.047376944718863e-09,-0.25959232365486606,-2.000646902989956e-06,0.0010919170038406392,7.121945721836314e-06,5154.832349111573,598228.5242689818,-6.728983503527787e-09,2.0503385172829542,-4.7660535315923146e-08,0.9602760206808209,238.50420540809336,0.5619534716052834,-8.483923721389007e-09,-4.1230973551897876e-10,1.0,1973.0,0.0,0.11435176405506692,0.0,2.3283064365400003e-09,66.17376866441433,596660.7535139812,0.0
143,3,2017-11-05 00:00:00,-4.665623507349844e-05,5.22959453519e-12,0.0,2.0661523777871693,-32.843870715513795,4.995718790138342e-09,0.7907366033048563,-2.1572900469944046e-06,0.0010921257714482844,6.946870252685763e-06,5154.836958725019,605428.5993726406,-1.1193869886576242e-08,2.050280631406763,-6.526430821654932e-08,0.9602735844072209,241.1271951378212,0.5618314830551862,-8.498301816770058e-09,-4.107247950684083e-10,1.0,1973.0,0.0,0.45363581541491316,0.0,2.3283064365400003e-09,67.17376866358953,598010.0154496814,0.0
144,7,2017-11-04 18:00:00,0.0002840164207661442,-5.11590769747e-12,0.0,108.30065299506605,134.8371340052652,4.639734188114145e-09,-1.9773503226648192,6.681054022510743e-06,0.0110826367701354,4.7272058126141105e-06,5153.71665908233,584087.0047401191,5.0469798973441586e-08,-2.122580537146499,-1.2862833272294915e-07,0.960657275117677,289.36923645694867,-2.549008861239486,-8.223000311483127e-09,6.107267193253892e-10,1.0,1973.0,0.0,0.0,0.0,-1.11758708954e-08,123.88289822981329,578955.7605340251,0.0
145,7,2017-11-04 20:00:00,0.0002839794026401478,-5.11590769747e-12,0.0,123.41510977094336,129.83721157505056,4.690452310753859e-09,-0.9271319476880759,6.576729481257954e-06,0.011082876745479895,4.559636564983113e-06,5153.717892733902,591286.4308760938,2.7575204948407106e-07,-2.122640020245418,5.3926637310862234e-08,0.9606594571883472,292.1192296767464,-2.5490609337992653,-8.4069706619983e-09,4.426066563697198e-10,1.0,1973.0,0.0,0.0,0.0,-1.11758708954e-08,139.89135428560297,585884.3830093163,0.0
146,7,2017-11-04 22:00:00,0.0002839426738144383,-5.11590769747e-12,0.0,128.39222636716607,126.64948672738771,4.806083046138713e-09,0.12300618144734399,6.487350505633487e-06,0.0110823917779354,4.613641674265213e-06,5153.717508773022,598486.7976769668,8.613140447079036e-08,-2.1227011443425856,1.3279656727708379e-07,0.9606611632869425,288.9945053981073,-2.54905347366033,-8.54891296206368e-09,4.2359927408632136e-10,1.0,1973.0,0.0,0.0,0.0,-1.11758708954e-08,146.05006195982045,593086.6305293613,0.0
147,7,2017-11-05 00:00:00,0.00028390581891154766,-5.11590769747e-12,0.0,132.7370797727894,132.99351298246395,4.78151549367523e-09,1.173045015352502,6.919461527714543e-06,0.011083799864304508,5.422070575290788e-06,5153.721024905813,605687.2857903967,1.5363294859734336e-08,-2.122764912331124,1.9055378994516815e-07,0.9606632755977947,276.33786116663657,-2.5489307822325316,-8.501707896085876e-09,4.0674801546070374e-10,1.0,1973.0,0.0,0.0,0.0,-1.11758708954e-08,151.4815339358342,600285.2346188616,0.0
148,9,2017-11-04 16:00:00,0.00046723569586283245,5.00222085975e-12,0.0,68.40678333943345,31.206673244100347,4.319257013532887e-09,-1.2950958593281767,1.5060966358393578e-06,0.0009758976251175148,1.413295533542606e-05,5153.7569004776715,575095.3774457967,-2.1463966100995903e-08,3.0836443016491017,-1.9283119325563045e-08,0.9536261423522561,90.60521675394688,1.7748909469081984,-7.916499247245843e-09,-4.4369048154265034e-10,1.0,1973.0,0.0,0.022619072858433453,0.0,9.31322574615e-10,97.82757446094874,577097.5800233014,0.0
149,9,2017-11-04 18:00:00,0.000467272425544677,5.00222085975e-12,0.0,65.70389580288939,38.39425844106657,4.358544363551928e-09,-0.777246756714066,1.7910916685552485e-06,0.0009753610456572587,1.4473802095295639e-05,5153.756660909429,582294.6861307055,-1.1798089756314342e-08,3.0835876339105366,-6.03427354294476e-08,0.953624474114985,83.63414883220061,1.7739695901604833,-7.90501250693699e-09,-4.453111020527334e-10,1.0,1973.0,0.0,0.15135517713030333,0.0,9.31322574615e-10,98.09322698842233,577276.5639060896,0.0
150,9,2017-11-04 20:00:00,0.0004673110182774998,5.00222085975e-12,0.0,-10.437380036622748,46.26761909133547,4.376820287897431e-09,0.23912941417556954,2.202999874665889e-06,0.0009751325455243346,1.4035090095954626e-05,5153.7991033103835,589499.7922730773,-2.3892954617778834e-08,3.083562041830916,-4.032153128581739e-08,0.9536294377385333,91.13893741235754,1.7754117412448733,-7.913743878377289e-09,-4.466805146396021e-10,1.0,1973.0,0.0,-0.7624254004575857,0.0,9.31322574615e-10,24.338647397677796,584500.4887053741,0.0
151,9,2017-11-04 22:00:00,0.00046734447054910165,5.00222085975e-12,0.0,-10.44100648791008,35.425381777582565,4.519979659598924e-09,-0.8140717633656218,1.7556960157912616e-06,0.0009784185828539292,1.3017245262797255e-05,5153.758617481891,596694.9411921895,2.603040741451962e-08,3.083472869985752,-2.3773842137951972e-08,0.9536229326304373,115.23559231899596,1.773868642250002,-7.941409630686471e-09,-4.077447945522274e-10,1.0,1973.0,0.0,-0.9116060644640668,0.0,9.31322574615e-10,26.12840286840685,591677.4292620227,0.0
